-- phpMyAdmin SQL Dump
-- version 5.1.3
-- https://www.phpmyadmin.net/
--
-- Host: db
-- Generation Time: May 01, 2022 at 12:47 PM
-- Server version: 5.7.37
-- PHP Version: 8.0.15

SET SQL_MODE = "NO_AUTO_VALUE_ON_ZERO";
START TRANSACTION;
SET time_zone = "+00:00";


/*!40101 SET @OLD_CHARACTER_SET_CLIENT=@@CHARACTER_SET_CLIENT */;
/*!40101 SET @OLD_CHARACTER_SET_RESULTS=@@CHARACTER_SET_RESULTS */;
/*!40101 SET @OLD_COLLATION_CONNECTION=@@COLLATION_CONNECTION */;
/*!40101 SET NAMES utf8mb4 */;

--
-- Database: `laravel`
--

-- --------------------------------------------------------

--
-- Table structure for table `actors`
--

CREATE TABLE `actors` (
  `actor_id` bigint(20) UNSIGNED NOT NULL,
  `first_name` varchar(255) COLLATE utf8mb4_unicode_ci NOT NULL,
  `last_name` varchar(255) COLLATE utf8mb4_unicode_ci NOT NULL,
  `avatar` varchar(255) COLLATE utf8mb4_unicode_ci DEFAULT NULL,
  `description` mediumtext COLLATE utf8mb4_unicode_ci,
  `created_at` timestamp NULL DEFAULT CURRENT_TIMESTAMP,
  `updated_at` timestamp NULL DEFAULT CURRENT_TIMESTAMP
) ENGINE=InnoDB DEFAULT CHARSET=utf8mb4 COLLATE=utf8mb4_unicode_ci;

--
-- Dumping data for table `actors`
--

INSERT INTO `actors` (`actor_id`, `first_name`, `last_name`, `avatar`, `description`, `created_at`, `updated_at`) VALUES
(1, 'Văn', 'Hứa Vĩ', 'https://image.thanhnien.vn/w1024/Uploaded/2022/wsxrxqeiod/2022_01_26/hua-vy-van2-5566.jpg', NULL, '2022-04-23 21:49:58', '2022-04-25 17:05:04'),
(2, 'Tuấn', 'Kiều Minh', 'https://upload.wikimedia.org/wikipedia/commons/thumb/b/b7/Ki%E1%BB%81u_Minh_Tu%E1%BA%A5n.png/200px-Ki%E1%BB%81u_Minh_Tu%E1%BA%A5n.png', NULL, '2022-04-24 00:07:34', '2022-04-25 17:05:56'),
(3, 'Luật', 'Tiến', 'https://image.thanhnien.vn/1200x630/Uploaded/2022/noktzn/2019_03_30/untitled_cfpl.jpg', NULL, '2022-04-25 17:06:55', '2022-04-25 17:06:55'),
(4, 'Vela', 'Cindy', 'https://encrypted-tbn2.gstatic.com/images?q=tbn:ANd9GcTFfCp1yHgBA7_8GAWsyMWNgYhktTOQgEzXm9CqddZYErZUYSpR', NULL, '2022-04-25 17:11:47', '2022-04-25 17:11:47'),
(5, 'May', 'Isabel', 'https://www.themoviedb.org/t/p/w500/9AT39NSHNQ44VebDrqupxplmyLK.jpg', NULL, '2022-04-25 17:12:45', '2022-04-25 17:12:45'),
(6, 'Brown', 'Eli', 'https://static.wikia.nocookie.net/gossipgirl/images/c/c6/Eli_Brown.jpeg', NULL, '2022-04-25 17:13:36', '2022-04-25 17:13:36'),
(7, 'Redmayne', 'Eddie', 'https://upload.wikimedia.org/wikipedia/commons/d/d5/Eddie_Redmayne_by_Gage_Skidmore.jpg', NULL, '2022-04-25 17:18:38', '2022-04-25 17:18:38'),
(8, 'Mikkelsen', 'Mads', 'https://encrypted-tbn3.gstatic.com/images?q=tbn:ANd9GcRE0dvBlosNyQ_rQACxZHS9gvrUHzbK-jiB-b2oBWuXyub1VqJY', NULL, '2022-04-25 17:19:18', '2022-04-25 17:19:18'),
(9, 'Miller', 'Ezra', 'https://i.ibb.co/z2xL0fJ/images-1.jpg', NULL, '2022-04-25 17:19:42', '2022-04-25 19:11:18');

-- --------------------------------------------------------

--
-- Table structure for table `bookings`
--

CREATE TABLE `bookings` (
  `booking_id` bigint(20) UNSIGNED NOT NULL,
  `booking_number` varchar(20) COLLATE utf8mb4_unicode_ci NOT NULL,
  `user_id` bigint(20) UNSIGNED NOT NULL,
  `show_id` bigint(20) UNSIGNED NOT NULL,
  `first_name` varchar(255) COLLATE utf8mb4_unicode_ci NOT NULL,
  `last_name` varchar(255) COLLATE utf8mb4_unicode_ci NOT NULL,
  `telephone` varchar(10) COLLATE utf8mb4_unicode_ci DEFAULT NULL,
  `email` varchar(255) COLLATE utf8mb4_unicode_ci NOT NULL,
  `amount` decimal(19,4) NOT NULL DEFAULT '0.0000',
  `payment_method` enum('offline','online') COLLATE utf8mb4_unicode_ci NOT NULL DEFAULT 'offline',
  `status` enum('paid','unpaid','canceled') COLLATE utf8mb4_unicode_ci NOT NULL,
  `created_at` timestamp NULL DEFAULT NULL,
  `updated_at` timestamp NULL DEFAULT NULL
) ENGINE=InnoDB DEFAULT CHARSET=utf8mb4 COLLATE=utf8mb4_unicode_ci;

--
-- Dumping data for table `bookings`
--

INSERT INTO `bookings` (`booking_id`, `booking_number`, `user_id`, `show_id`, `first_name`, `last_name`, `telephone`, `email`, `amount`, `payment_method`, `status`, `created_at`, `updated_at`) VALUES
(33, '#0000000001', 1, 52, 'An', 'Nhật', '0901234512', 'admin@gmail.com', '200000.0000', 'offline', 'canceled', '2022-04-28 16:04:59', '2022-04-29 02:54:12'),
(34, '#0000000002', 1, 39, 'An', 'Nhật', '0901234512', 'admin@gmail.com', '90000.0000', 'offline', 'canceled', '2022-04-29 04:05:42', '2022-04-29 06:28:26'),
(35, '#0000000003', 1, 40, 'An', 'Nhật', '0901234512', 'admin@gmail.com', '135000.0000', 'offline', 'canceled', '2022-04-29 04:06:47', '2022-04-29 06:28:26');

-- --------------------------------------------------------

--
-- Table structure for table `categories`
--

CREATE TABLE `categories` (
  `category_id` bigint(20) UNSIGNED NOT NULL,
  `title` varchar(255) COLLATE utf8mb4_unicode_ci NOT NULL,
  `slug` varchar(255) COLLATE utf8mb4_unicode_ci NOT NULL,
  `description` mediumtext COLLATE utf8mb4_unicode_ci,
  `created_at` timestamp NULL DEFAULT CURRENT_TIMESTAMP,
  `updated_at` timestamp NULL DEFAULT CURRENT_TIMESTAMP ON UPDATE CURRENT_TIMESTAMP
) ENGINE=InnoDB DEFAULT CHARSET=utf8mb4 COLLATE=utf8mb4_unicode_ci;

--
-- Dumping data for table `categories`
--

INSERT INTO `categories` (`category_id`, `title`, `slug`, `description`, `created_at`, `updated_at`) VALUES
(1, 'Hành Động', 'hanh-dong', NULL, '2022-04-23 02:42:50', '2022-04-23 02:42:50'),
(2, 'Khoa Học Viễn Tưởng', 'khoa-hoc-vien-tuong', NULL, '2022-04-23 06:52:38', '2022-04-23 06:52:38'),
(3, 'Tâm Lý', 'tam-ly', NULL, '2022-04-23 06:52:45', '2022-04-23 06:52:45'),
(4, 'Tình Cảm', 'tinh-cam', NULL, '2022-04-23 06:52:52', '2022-04-23 06:52:52'),
(5, 'Hài', 'hai', NULL, '2022-04-25 17:07:21', '2022-04-25 17:07:21'),
(6, 'Phiêu Lưu', 'phieu-luu', NULL, '2022-04-25 17:24:03', '2022-04-25 17:24:03'),
(7, 'Thần Thoại', 'than-thoai', NULL, '2022-04-25 17:24:12', '2022-04-25 17:24:12');

-- --------------------------------------------------------

--
-- Table structure for table `failed_jobs`
--

CREATE TABLE `failed_jobs` (
  `id` bigint(20) UNSIGNED NOT NULL,
  `uuid` varchar(255) COLLATE utf8mb4_unicode_ci NOT NULL,
  `connection` text COLLATE utf8mb4_unicode_ci NOT NULL,
  `queue` text COLLATE utf8mb4_unicode_ci NOT NULL,
  `payload` longtext COLLATE utf8mb4_unicode_ci NOT NULL,
  `exception` longtext COLLATE utf8mb4_unicode_ci NOT NULL,
  `failed_at` timestamp NOT NULL DEFAULT CURRENT_TIMESTAMP
) ENGINE=InnoDB DEFAULT CHARSET=utf8mb4 COLLATE=utf8mb4_unicode_ci;

-- --------------------------------------------------------

--
-- Table structure for table `languages`
--

CREATE TABLE `languages` (
  `language_id` bigint(20) UNSIGNED NOT NULL,
  `name` varchar(255) COLLATE utf8mb4_unicode_ci NOT NULL,
  `created_at` timestamp NULL DEFAULT CURRENT_TIMESTAMP,
  `updated_at` timestamp NULL DEFAULT CURRENT_TIMESTAMP ON UPDATE CURRENT_TIMESTAMP
) ENGINE=InnoDB DEFAULT CHARSET=utf8mb4 COLLATE=utf8mb4_unicode_ci;

--
-- Dumping data for table `languages`
--

INSERT INTO `languages` (`language_id`, `name`, `created_at`, `updated_at`) VALUES
(1, 'Tiếng Anh - Phụ đề tiếng Việt', '2022-04-23 19:59:32', '2022-04-25 18:05:41'),
(2, 'Tiếng Việt', '2022-04-23 19:59:40', '2022-04-23 19:59:40');

-- --------------------------------------------------------

--
-- Table structure for table `migrations`
--

CREATE TABLE `migrations` (
  `id` int(10) UNSIGNED NOT NULL,
  `migration` varchar(255) COLLATE utf8mb4_unicode_ci NOT NULL,
  `batch` int(11) NOT NULL
) ENGINE=InnoDB DEFAULT CHARSET=utf8mb4 COLLATE=utf8mb4_unicode_ci;

--
-- Dumping data for table `migrations`
--

INSERT INTO `migrations` (`id`, `migration`, `batch`) VALUES
(1, '2014_10_12_100000_create_password_resets_table', 1),
(2, '2019_08_19_000000_create_failed_jobs_table', 1),
(3, '2019_12_14_000001_create_personal_access_tokens_table', 1);

-- --------------------------------------------------------

--
-- Table structure for table `movies`
--

CREATE TABLE `movies` (
  `movie_id` bigint(20) UNSIGNED NOT NULL,
  `title` varchar(255) COLLATE utf8mb4_unicode_ci NOT NULL,
  `slug` varchar(255) COLLATE utf8mb4_unicode_ci NOT NULL,
  `description` mediumtext COLLATE utf8mb4_unicode_ci NOT NULL,
  `images` varchar(255) COLLATE utf8mb4_unicode_ci NOT NULL,
  `trailer` varchar(255) COLLATE utf8mb4_unicode_ci NOT NULL,
  `release_date` date DEFAULT NULL,
  `duaration` varchar(100) COLLATE utf8mb4_unicode_ci DEFAULT NULL,
  `director` varchar(255) COLLATE utf8mb4_unicode_ci DEFAULT NULL,
  `status` enum('active','inactive') COLLATE utf8mb4_unicode_ci NOT NULL,
  `language_id` bigint(20) UNSIGNED NOT NULL,
  `created_at` timestamp NULL DEFAULT CURRENT_TIMESTAMP,
  `updated_at` timestamp NULL DEFAULT CURRENT_TIMESTAMP
) ENGINE=InnoDB DEFAULT CHARSET=utf8mb4 COLLATE=utf8mb4_unicode_ci;

--
-- Dumping data for table `movies`
--

INSERT INTO `movies` (`movie_id`, `title`, `slug`, `description`, `images`, `trailer`, `release_date`, `duaration`, `director`, `status`, `language_id`, `created_at`, `updated_at`) VALUES
(9, 'Nghề siêu dễ', 'nghe-sieu-de', 'Ông Thái là một cảnh sát về hưu nhưng không chịu an phận thủ thường, hàng ngày vẫn đi tìm bắt tội phạm vặt trong xóm cho đỡ nhớ nghề. Một ngày kia, Hoàng - tên trùm ma túy mới ra tù bỗng dưng chuyển đến xóm ông và mở một văn phòng bất động sản. Nghi ngờ đây là nơi làm ăn phi pháp, ông Thái quyết định âm thầm điều tra. Ông mua lại tiệm cơm tấm đối diện trụ sở của Hoàng để làm nơi theo dõi, đồng thời thu nạp Thu - Phú - Vinh - Mèo, đám thanh niên “bất hảo” trong xóm về quán hỗ trợ buôn bán để rảnh tay &amp;amp;quot;phá án&amp;amp;quot;. Trớ trêu thay, tiệm cơm bất ngờ nổi tiếng và ăn nên làm ra, khiến cho &amp;amp;quot;chuyên án đặc biệt&amp;amp;quot; của ông đứng trước nguy cơ đổ bể.', 'https://www.cgv.vn/media/catalog/product/cache/1/image/c5f0a1eff4c394a251036189ccddaacd/r/s/rsz_nsd_main-poster.jpg', 'https://www.youtube.com/embed/1anBxcsV5b8', '2022-04-29', '113 phút', 'Võ Thanh Hòa', 'active', 2, '2022-04-25 17:02:55', '2022-04-25 19:07:19'),
(10, 'Chạy trốn đối đầu', 'chay-tron-doi-dau', 'Bộ phim kể về một trường trung học bị bao vây bởi một bộ tứ học sinh xả súng.', 'https://www.cgv.vn/media/catalog/product/cache/1/image/c5f0a1eff4c394a251036189ccddaacd/r/u/run_hide_fight_-_payoff_poster_nkc_22042022_1_.jpg', 'https://www.youtube.com/embed/tKZo_8B5u7Y', '2022-02-22', '110 phút', 'Kyle Rankin', 'active', 1, '2022-04-25 17:17:28', '2022-04-25 19:08:31'),
(11, 'Sinh vật huyền bí', 'sinh-vat-huyen-bi-nhung-bi-mat-cua-dumbledore', 'Câu chuyện của phần phim thứ ba này xoay quanh việc Giáo sư Albus Dumbledore (Jude Law) phát hiện ra việc Phù thủy Bóng tối quyền năng Gellert Grindelwald (Mads Mikkelsen) đang âm mưu chiếm lấy quyền kiểm soát Thế giới Phù thủy. Không thể một mình ngăn chặn đoàn quân hùng mạnh của của Grindelwald, Dumbledore đặt niềm tin vào Nhà nghiên cứu sinh vật huyền bí Newt Scamander (Eddie Redmayne) cùng đồng đội thực hiện nhiệm vụ đầy hiểm nguy này. Trong tình thế ngàn cân treo sợi tóc như vậy, liệu thầy Dumbledore có thể đứng ngoài được bao lâu?', 'https://www.cgv.vn/media/catalog/product/cache/1/image/c5f0a1eff4c394a251036189ccddaacd/p/o/poster_fantastic_beasts_the_secrets_of_dumbledore_1_.jpg', 'https://www.youtube.com/embed/DRc7YVRF6MY', '2022-04-08', '143 phút', 'David Yates', 'active', 1, '2022-04-25 17:23:19', '2022-04-25 18:56:00');

-- --------------------------------------------------------

--
-- Table structure for table `movie_actor`
--

CREATE TABLE `movie_actor` (
  `movie_actor_id` bigint(20) UNSIGNED NOT NULL,
  `movie_id` bigint(20) UNSIGNED NOT NULL,
  `actor_id` bigint(20) UNSIGNED NOT NULL,
  `created_at` timestamp NULL DEFAULT CURRENT_TIMESTAMP,
  `updated_at` timestamp NULL DEFAULT CURRENT_TIMESTAMP ON UPDATE CURRENT_TIMESTAMP
) ENGINE=InnoDB DEFAULT CHARSET=utf8mb4 COLLATE=utf8mb4_unicode_ci;

--
-- Dumping data for table `movie_actor`
--

INSERT INTO `movie_actor` (`movie_actor_id`, `movie_id`, `actor_id`, `created_at`, `updated_at`) VALUES
(12, 9, 2, '2022-04-25 17:02:55', '2022-04-25 17:02:55'),
(13, 9, 1, '2022-04-25 17:02:55', '2022-04-25 17:02:55'),
(14, 9, 3, '2022-04-25 17:07:08', '2022-04-25 17:07:08'),
(15, 10, 4, '2022-04-25 17:17:28', '2022-04-25 17:17:28'),
(16, 10, 6, '2022-04-25 17:17:28', '2022-04-25 17:17:28'),
(17, 10, 5, '2022-04-25 17:17:28', '2022-04-25 17:17:28'),
(19, 11, 7, '2022-04-25 17:23:48', '2022-04-25 17:23:48'),
(20, 11, 9, '2022-04-25 17:23:48', '2022-04-25 17:23:48'),
(21, 11, 8, '2022-04-25 17:23:48', '2022-04-25 17:23:48');

-- --------------------------------------------------------

--
-- Table structure for table `movie_category`
--

CREATE TABLE `movie_category` (
  `id` bigint(20) UNSIGNED NOT NULL,
  `movie_id` bigint(20) UNSIGNED NOT NULL,
  `category_id` bigint(20) UNSIGNED NOT NULL,
  `created_at` timestamp NULL DEFAULT CURRENT_TIMESTAMP,
  `updated_at` timestamp NULL DEFAULT CURRENT_TIMESTAMP ON UPDATE CURRENT_TIMESTAMP
) ENGINE=InnoDB DEFAULT CHARSET=utf8mb4 COLLATE=utf8mb4_unicode_ci;

--
-- Dumping data for table `movie_category`
--

INSERT INTO `movie_category` (`id`, `movie_id`, `category_id`, `created_at`, `updated_at`) VALUES
(6, 9, 1, '2022-04-25 17:02:55', '2022-04-25 17:02:55'),
(7, 9, 5, '2022-04-25 17:07:31', '2022-04-25 17:07:31'),
(8, 10, 1, '2022-04-25 17:17:28', '2022-04-25 17:17:28'),
(9, 11, 1, '2022-04-25 17:23:19', '2022-04-25 17:23:19'),
(10, 11, 6, '2022-04-25 17:24:21', '2022-04-25 17:24:21'),
(11, 11, 7, '2022-04-25 17:24:21', '2022-04-25 17:24:21');

-- --------------------------------------------------------

--
-- Table structure for table `password_resets`
--

CREATE TABLE `password_resets` (
  `email` varchar(255) COLLATE utf8mb4_unicode_ci NOT NULL,
  `token` varchar(255) COLLATE utf8mb4_unicode_ci NOT NULL,
  `created_at` timestamp NULL DEFAULT NULL
) ENGINE=InnoDB DEFAULT CHARSET=utf8mb4 COLLATE=utf8mb4_unicode_ci;

-- --------------------------------------------------------

--
-- Table structure for table `personal_access_tokens`
--

CREATE TABLE `personal_access_tokens` (
  `id` bigint(20) UNSIGNED NOT NULL,
  `tokenable_type` varchar(255) COLLATE utf8mb4_unicode_ci NOT NULL,
  `tokenable_id` bigint(20) UNSIGNED NOT NULL,
  `name` varchar(255) COLLATE utf8mb4_unicode_ci NOT NULL,
  `token` varchar(64) COLLATE utf8mb4_unicode_ci NOT NULL,
  `abilities` text COLLATE utf8mb4_unicode_ci,
  `last_used_at` timestamp NULL DEFAULT NULL,
  `created_at` timestamp NULL DEFAULT NULL,
  `updated_at` timestamp NULL DEFAULT NULL
) ENGINE=InnoDB DEFAULT CHARSET=utf8mb4 COLLATE=utf8mb4_unicode_ci;

-- --------------------------------------------------------

--
-- Table structure for table `rooms`
--

CREATE TABLE `rooms` (
  `room_id` bigint(20) UNSIGNED NOT NULL,
  `name` varchar(255) COLLATE utf8mb4_unicode_ci NOT NULL,
  `created_at` timestamp NULL DEFAULT CURRENT_TIMESTAMP,
  `updated_at` timestamp NULL DEFAULT CURRENT_TIMESTAMP
) ENGINE=InnoDB DEFAULT CHARSET=utf8mb4 COLLATE=utf8mb4_unicode_ci;

--
-- Dumping data for table `rooms`
--

INSERT INTO `rooms` (`room_id`, `name`, `created_at`, `updated_at`) VALUES
(1, 'Phòng 01', '2022-04-25 01:32:45', '2022-04-25 18:51:16'),
(2, 'Phòng 02', '2022-04-25 20:25:32', '2022-04-25 20:25:32'),
(3, 'Phòng 03', '2022-04-25 20:25:47', '2022-04-25 20:25:47');

-- --------------------------------------------------------

--
-- Table structure for table `seats`
--

CREATE TABLE `seats` (
  `seat_id` bigint(20) UNSIGNED NOT NULL,
  `room_id` bigint(20) UNSIGNED NOT NULL,
  `name` varchar(5) COLLATE utf8mb4_unicode_ci NOT NULL,
  `type_seat_id` bigint(20) UNSIGNED NOT NULL,
  `created_at` timestamp NOT NULL DEFAULT CURRENT_TIMESTAMP,
  `updated_at` timestamp NOT NULL DEFAULT CURRENT_TIMESTAMP ON UPDATE CURRENT_TIMESTAMP
) ENGINE=InnoDB DEFAULT CHARSET=utf8mb4 COLLATE=utf8mb4_unicode_ci;

--
-- Dumping data for table `seats`
--

INSERT INTO `seats` (`seat_id`, `room_id`, `name`, `type_seat_id`, `created_at`, `updated_at`) VALUES
(121, 1, 'A1', 3, '2022-04-26 01:12:35', '2022-04-26 01:12:35'),
(122, 1, 'A2', 3, '2022-04-26 01:12:35', '2022-04-26 01:12:35'),
(123, 1, 'A3', 3, '2022-04-26 01:12:35', '2022-04-26 01:12:35'),
(124, 1, 'A4', 3, '2022-04-26 01:12:35', '2022-04-26 01:12:35'),
(125, 1, 'A5', 3, '2022-04-26 01:12:35', '2022-04-26 01:12:35'),
(126, 1, 'A6', 3, '2022-04-26 01:12:35', '2022-04-26 01:12:35'),
(127, 1, 'A7', 3, '2022-04-26 01:12:35', '2022-04-26 01:12:35'),
(128, 1, 'A8', 3, '2022-04-26 01:12:35', '2022-04-26 01:12:35'),
(129, 1, 'A9', 3, '2022-04-26 01:12:35', '2022-04-26 01:12:35'),
(130, 1, 'A10', 3, '2022-04-26 01:12:35', '2022-04-26 01:12:35'),
(131, 1, 'A11', 3, '2022-04-26 01:12:35', '2022-04-26 01:12:35'),
(132, 1, 'A12', 3, '2022-04-26 01:12:35', '2022-04-26 01:12:35'),
(133, 1, 'B1', 3, '2022-04-26 01:12:35', '2022-04-26 01:12:35'),
(134, 1, 'B2', 3, '2022-04-26 01:12:35', '2022-04-26 01:12:35'),
(135, 1, 'B3', 3, '2022-04-26 01:12:35', '2022-04-26 01:12:35'),
(136, 1, 'B4', 3, '2022-04-26 01:12:35', '2022-04-26 01:12:35'),
(137, 1, 'B5', 3, '2022-04-26 01:12:35', '2022-04-26 01:12:35'),
(138, 1, 'B6', 3, '2022-04-26 01:12:35', '2022-04-26 01:12:35'),
(139, 1, 'B7', 3, '2022-04-26 01:12:35', '2022-04-26 01:12:35'),
(140, 1, 'B8', 3, '2022-04-26 01:12:35', '2022-04-26 01:12:35'),
(141, 1, 'B9', 3, '2022-04-26 01:12:35', '2022-04-26 01:12:35'),
(142, 1, 'B10', 3, '2022-04-26 01:12:35', '2022-04-26 01:12:35'),
(143, 1, 'B11', 3, '2022-04-26 01:12:35', '2022-04-26 01:12:35'),
(144, 1, 'B12', 3, '2022-04-26 01:12:35', '2022-04-26 01:12:35'),
(145, 1, 'C1', 3, '2022-04-26 01:12:35', '2022-04-26 01:12:35'),
(146, 1, 'C2', 3, '2022-04-26 01:12:35', '2022-04-26 01:12:35'),
(147, 1, 'C3', 3, '2022-04-26 01:12:35', '2022-04-26 01:12:35'),
(148, 1, 'C4', 3, '2022-04-26 01:12:35', '2022-04-26 01:12:35'),
(149, 1, 'C5', 3, '2022-04-26 01:12:35', '2022-04-26 01:12:35'),
(150, 1, 'C6', 3, '2022-04-26 01:12:35', '2022-04-26 01:12:35'),
(151, 1, 'C7', 3, '2022-04-26 01:12:35', '2022-04-26 01:12:35'),
(152, 1, 'C8', 3, '2022-04-26 01:12:35', '2022-04-26 01:12:35'),
(153, 1, 'C9', 3, '2022-04-26 01:12:35', '2022-04-26 01:12:35'),
(154, 1, 'C10', 3, '2022-04-26 01:12:35', '2022-04-26 01:12:35'),
(155, 1, 'C11', 3, '2022-04-26 01:12:35', '2022-04-26 01:12:35'),
(156, 1, 'C12', 3, '2022-04-26 01:12:35', '2022-04-26 01:12:35'),
(157, 1, 'D1', 3, '2022-04-26 01:12:35', '2022-04-26 01:12:35'),
(158, 1, 'D2', 3, '2022-04-26 01:12:35', '2022-04-26 01:12:35'),
(159, 1, 'D3', 3, '2022-04-26 01:12:35', '2022-04-26 01:12:35'),
(160, 1, 'D4', 3, '2022-04-26 01:12:35', '2022-04-26 01:12:35'),
(161, 1, 'D5', 3, '2022-04-26 01:12:35', '2022-04-26 01:12:35'),
(162, 1, 'D6', 3, '2022-04-26 01:12:35', '2022-04-26 01:12:35'),
(163, 1, 'D7', 3, '2022-04-26 01:12:35', '2022-04-26 01:12:35'),
(164, 1, 'D8', 3, '2022-04-26 01:12:35', '2022-04-26 01:12:35'),
(165, 1, 'D9', 3, '2022-04-26 01:12:35', '2022-04-26 01:12:35'),
(166, 1, 'D10', 3, '2022-04-26 01:12:35', '2022-04-26 01:12:35'),
(167, 1, 'D11', 3, '2022-04-26 01:12:35', '2022-04-26 01:12:35'),
(168, 1, 'D12', 3, '2022-04-26 01:12:35', '2022-04-26 01:12:35'),
(169, 1, 'E1', 3, '2022-04-26 01:12:35', '2022-04-26 01:12:35'),
(170, 1, 'E2', 3, '2022-04-26 01:12:35', '2022-04-26 01:12:35'),
(171, 1, 'E3', 3, '2022-04-26 01:12:35', '2022-04-26 01:12:35'),
(172, 1, 'E4', 3, '2022-04-26 01:12:35', '2022-04-26 01:12:35'),
(173, 1, 'E5', 3, '2022-04-26 01:12:35', '2022-04-26 01:12:35'),
(174, 1, 'E6', 3, '2022-04-26 01:12:35', '2022-04-26 01:12:35'),
(175, 1, 'E7', 3, '2022-04-26 01:12:35', '2022-04-26 01:12:35'),
(176, 1, 'E8', 3, '2022-04-26 01:12:35', '2022-04-26 01:12:35'),
(177, 1, 'E9', 3, '2022-04-26 01:12:35', '2022-04-26 01:12:35'),
(178, 1, 'E10', 3, '2022-04-26 01:12:35', '2022-04-26 01:12:35'),
(179, 1, 'E11', 3, '2022-04-26 01:12:35', '2022-04-26 01:12:35'),
(180, 1, 'E12', 3, '2022-04-26 01:12:35', '2022-04-26 01:12:35'),
(181, 1, 'F1', 3, '2022-04-26 01:12:35', '2022-04-26 01:12:35'),
(182, 1, 'F2', 3, '2022-04-26 01:12:35', '2022-04-26 01:12:35'),
(183, 1, 'F3', 3, '2022-04-26 01:12:35', '2022-04-26 01:12:35'),
(184, 1, 'F4', 3, '2022-04-26 01:12:35', '2022-04-26 01:12:35'),
(185, 1, 'F5', 3, '2022-04-26 01:12:35', '2022-04-26 01:12:35'),
(186, 1, 'F6', 3, '2022-04-26 01:12:35', '2022-04-26 01:12:35'),
(187, 1, 'F7', 3, '2022-04-26 01:12:35', '2022-04-26 01:12:35'),
(188, 1, 'F8', 3, '2022-04-26 01:12:35', '2022-04-26 01:12:35'),
(189, 1, 'F9', 3, '2022-04-26 01:12:35', '2022-04-26 01:12:35'),
(190, 1, 'F10', 3, '2022-04-26 01:12:35', '2022-04-26 01:12:35'),
(191, 1, 'F11', 3, '2022-04-26 01:12:35', '2022-04-26 01:12:35'),
(192, 1, 'F12', 3, '2022-04-26 01:12:35', '2022-04-26 01:12:35'),
(193, 1, 'G1', 3, '2022-04-26 01:12:35', '2022-04-26 01:12:35'),
(194, 1, 'G2', 3, '2022-04-26 01:12:35', '2022-04-26 01:12:35'),
(195, 1, 'G3', 3, '2022-04-26 01:12:35', '2022-04-26 01:12:35'),
(196, 1, 'G4', 3, '2022-04-26 01:12:35', '2022-04-26 01:12:35'),
(197, 1, 'G5', 3, '2022-04-26 01:12:35', '2022-04-26 01:12:35'),
(198, 1, 'G6', 3, '2022-04-26 01:12:35', '2022-04-26 01:12:35'),
(199, 1, 'G7', 3, '2022-04-26 01:12:35', '2022-04-26 01:12:35'),
(200, 1, 'G8', 3, '2022-04-26 01:12:35', '2022-04-26 01:12:35'),
(201, 1, 'G9', 3, '2022-04-26 01:12:35', '2022-04-26 01:12:35'),
(202, 1, 'G10', 3, '2022-04-26 01:12:35', '2022-04-26 01:12:35'),
(203, 1, 'G11', 3, '2022-04-26 01:12:35', '2022-04-26 01:12:35'),
(204, 1, 'G12', 3, '2022-04-26 01:12:35', '2022-04-26 01:12:35'),
(205, 1, 'H1', 3, '2022-04-26 01:12:35', '2022-04-26 01:12:35'),
(206, 1, 'H2', 3, '2022-04-26 01:12:35', '2022-04-26 01:12:35'),
(207, 1, 'H3', 3, '2022-04-26 01:12:35', '2022-04-26 01:12:35'),
(208, 1, 'H4', 3, '2022-04-26 01:12:35', '2022-04-26 01:12:35'),
(209, 1, 'H5', 3, '2022-04-26 01:12:35', '2022-04-26 01:12:35'),
(210, 1, 'H6', 3, '2022-04-26 01:12:35', '2022-04-26 01:12:35'),
(211, 1, 'H7', 3, '2022-04-26 01:12:35', '2022-04-26 01:12:35'),
(212, 1, 'H8', 3, '2022-04-26 01:12:35', '2022-04-26 01:12:35'),
(213, 1, 'H9', 3, '2022-04-26 01:12:35', '2022-04-26 01:12:35'),
(214, 1, 'H10', 3, '2022-04-26 01:12:35', '2022-04-26 01:12:35'),
(215, 1, 'H11', 3, '2022-04-26 01:12:35', '2022-04-26 01:12:35'),
(216, 1, 'H12', 3, '2022-04-26 01:12:35', '2022-04-26 01:12:35'),
(217, 1, 'I1', 3, '2022-04-26 01:12:35', '2022-04-26 01:12:35'),
(218, 1, 'I2', 3, '2022-04-26 01:12:35', '2022-04-26 01:12:35'),
(219, 1, 'I3', 3, '2022-04-26 01:12:35', '2022-04-26 01:12:35'),
(220, 1, 'I4', 3, '2022-04-26 01:12:35', '2022-04-26 01:12:35'),
(221, 1, 'I5', 3, '2022-04-26 01:12:35', '2022-04-26 01:12:35'),
(222, 1, 'I6', 3, '2022-04-26 01:12:35', '2022-04-26 01:12:35'),
(223, 1, 'I7', 3, '2022-04-26 01:12:35', '2022-04-26 01:12:35'),
(224, 1, 'I8', 3, '2022-04-26 01:12:35', '2022-04-26 01:12:35'),
(225, 1, 'I9', 3, '2022-04-26 01:12:35', '2022-04-26 01:12:35'),
(226, 1, 'I10', 3, '2022-04-26 01:12:35', '2022-04-26 01:12:35'),
(227, 1, 'I11', 3, '2022-04-26 01:12:35', '2022-04-26 01:12:35'),
(228, 1, 'I12', 3, '2022-04-26 01:12:35', '2022-04-26 01:12:35'),
(229, 1, 'J1', 4, '2022-04-26 01:12:35', '2022-04-26 01:12:35'),
(230, 1, 'J2', 4, '2022-04-26 01:12:35', '2022-04-26 01:12:35'),
(231, 1, 'J3', 4, '2022-04-26 01:12:35', '2022-04-26 01:12:35'),
(232, 1, 'J4', 4, '2022-04-26 01:12:35', '2022-04-26 01:12:35'),
(233, 1, 'J5', 4, '2022-04-26 01:12:35', '2022-04-26 01:12:35'),
(234, 1, 'J6', 4, '2022-04-26 01:12:35', '2022-04-26 01:12:35'),
(235, 1, 'J7', 4, '2022-04-26 01:12:35', '2022-04-26 01:12:35'),
(236, 1, 'J8', 4, '2022-04-26 01:12:35', '2022-04-26 01:12:35'),
(237, 1, 'J9', 4, '2022-04-26 01:12:35', '2022-04-26 01:12:35'),
(238, 1, 'J10', 4, '2022-04-26 01:12:35', '2022-04-26 01:12:35'),
(239, 1, 'J11', 4, '2022-04-26 01:12:35', '2022-04-26 01:12:35'),
(240, 1, 'J12', 4, '2022-04-26 01:12:35', '2022-04-26 01:12:35'),
(241, 2, 'A1', 3, '2022-04-26 01:13:50', '2022-04-26 01:13:50'),
(242, 2, 'A2', 3, '2022-04-26 01:13:50', '2022-04-26 01:13:50'),
(243, 2, 'A3', 3, '2022-04-26 01:13:50', '2022-04-26 01:13:50'),
(244, 2, 'A4', 3, '2022-04-26 01:13:50', '2022-04-26 01:13:50'),
(245, 2, 'A5', 3, '2022-04-26 01:13:50', '2022-04-26 01:13:50'),
(246, 2, 'A6', 3, '2022-04-26 01:13:50', '2022-04-26 01:13:50'),
(247, 2, 'A7', 3, '2022-04-26 01:13:50', '2022-04-26 01:13:50'),
(248, 2, 'A8', 3, '2022-04-26 01:13:50', '2022-04-26 01:13:50'),
(249, 2, 'A9', 3, '2022-04-26 01:13:50', '2022-04-26 01:13:50'),
(250, 2, 'A10', 3, '2022-04-26 01:13:50', '2022-04-26 01:13:50'),
(251, 2, 'A11', 3, '2022-04-26 01:13:50', '2022-04-26 01:13:50'),
(252, 2, 'A12', 3, '2022-04-26 01:13:50', '2022-04-26 01:13:50'),
(253, 2, 'B1', 3, '2022-04-26 01:13:50', '2022-04-26 01:13:50'),
(254, 2, 'B2', 3, '2022-04-26 01:13:50', '2022-04-26 01:13:50'),
(255, 2, 'B3', 3, '2022-04-26 01:13:50', '2022-04-26 01:13:50'),
(256, 2, 'B4', 3, '2022-04-26 01:13:50', '2022-04-26 01:13:50'),
(257, 2, 'B5', 3, '2022-04-26 01:13:50', '2022-04-26 01:13:50'),
(258, 2, 'B6', 3, '2022-04-26 01:13:50', '2022-04-26 01:13:50'),
(259, 2, 'B7', 3, '2022-04-26 01:13:50', '2022-04-26 01:13:50'),
(260, 2, 'B8', 3, '2022-04-26 01:13:50', '2022-04-26 01:13:50'),
(261, 2, 'B9', 3, '2022-04-26 01:13:50', '2022-04-26 01:13:50'),
(262, 2, 'B10', 3, '2022-04-26 01:13:50', '2022-04-26 01:13:50'),
(263, 2, 'B11', 3, '2022-04-26 01:13:50', '2022-04-26 01:13:50'),
(264, 2, 'B12', 3, '2022-04-26 01:13:50', '2022-04-26 01:13:50'),
(265, 2, 'C1', 3, '2022-04-26 01:13:50', '2022-04-26 01:13:50'),
(266, 2, 'C2', 3, '2022-04-26 01:13:50', '2022-04-26 01:13:50'),
(267, 2, 'C3', 3, '2022-04-26 01:13:50', '2022-04-26 01:13:50'),
(268, 2, 'C4', 3, '2022-04-26 01:13:50', '2022-04-26 01:13:50'),
(269, 2, 'C5', 3, '2022-04-26 01:13:50', '2022-04-26 01:13:50'),
(270, 2, 'C6', 3, '2022-04-26 01:13:50', '2022-04-26 01:13:50'),
(271, 2, 'C7', 3, '2022-04-26 01:13:50', '2022-04-26 01:13:50'),
(272, 2, 'C8', 3, '2022-04-26 01:13:50', '2022-04-26 01:13:50'),
(273, 2, 'C9', 3, '2022-04-26 01:13:50', '2022-04-26 01:13:50'),
(274, 2, 'C10', 3, '2022-04-26 01:13:50', '2022-04-26 01:13:50'),
(275, 2, 'C11', 3, '2022-04-26 01:13:50', '2022-04-26 01:13:50'),
(276, 2, 'C12', 3, '2022-04-26 01:13:50', '2022-04-26 01:13:50'),
(277, 2, 'D1', 3, '2022-04-26 01:13:50', '2022-04-26 01:13:50'),
(278, 2, 'D2', 3, '2022-04-26 01:13:50', '2022-04-26 01:13:50'),
(279, 2, 'D3', 3, '2022-04-26 01:13:50', '2022-04-26 01:13:50'),
(280, 2, 'D4', 3, '2022-04-26 01:13:50', '2022-04-26 01:13:50'),
(281, 2, 'D5', 3, '2022-04-26 01:13:50', '2022-04-26 01:13:50'),
(282, 2, 'D6', 3, '2022-04-26 01:13:50', '2022-04-26 01:13:50'),
(283, 2, 'D7', 3, '2022-04-26 01:13:50', '2022-04-26 01:13:50'),
(284, 2, 'D8', 3, '2022-04-26 01:13:50', '2022-04-26 01:13:50'),
(285, 2, 'D9', 3, '2022-04-26 01:13:50', '2022-04-26 01:13:50'),
(286, 2, 'D10', 3, '2022-04-26 01:13:50', '2022-04-26 01:13:50'),
(287, 2, 'D11', 3, '2022-04-26 01:13:50', '2022-04-26 01:13:50'),
(288, 2, 'D12', 3, '2022-04-26 01:13:50', '2022-04-26 01:13:50'),
(289, 2, 'E1', 3, '2022-04-26 01:13:50', '2022-04-26 01:13:50'),
(290, 2, 'E2', 3, '2022-04-26 01:13:50', '2022-04-26 01:13:50'),
(291, 2, 'E3', 3, '2022-04-26 01:13:50', '2022-04-26 01:13:50'),
(292, 2, 'E4', 3, '2022-04-26 01:13:50', '2022-04-26 01:13:50'),
(293, 2, 'E5', 3, '2022-04-26 01:13:50', '2022-04-26 01:13:50'),
(294, 2, 'E6', 3, '2022-04-26 01:13:50', '2022-04-26 01:13:50'),
(295, 2, 'E7', 3, '2022-04-26 01:13:50', '2022-04-26 01:13:50'),
(296, 2, 'E8', 3, '2022-04-26 01:13:50', '2022-04-26 01:13:50'),
(297, 2, 'E9', 3, '2022-04-26 01:13:50', '2022-04-26 01:13:50'),
(298, 2, 'E10', 3, '2022-04-26 01:13:50', '2022-04-26 01:13:50'),
(299, 2, 'E11', 3, '2022-04-26 01:13:50', '2022-04-26 01:13:50'),
(300, 2, 'E12', 3, '2022-04-26 01:13:50', '2022-04-26 01:13:50'),
(301, 2, 'F1', 3, '2022-04-26 01:13:50', '2022-04-26 01:13:50'),
(302, 2, 'F2', 3, '2022-04-26 01:13:50', '2022-04-26 01:13:50'),
(303, 2, 'F3', 3, '2022-04-26 01:13:50', '2022-04-26 01:13:50'),
(304, 2, 'F4', 3, '2022-04-26 01:13:50', '2022-04-26 01:13:50'),
(305, 2, 'F5', 3, '2022-04-26 01:13:50', '2022-04-26 01:13:50'),
(306, 2, 'F6', 3, '2022-04-26 01:13:50', '2022-04-26 01:13:50'),
(307, 2, 'F7', 3, '2022-04-26 01:13:50', '2022-04-26 01:13:50'),
(308, 2, 'F8', 3, '2022-04-26 01:13:50', '2022-04-26 01:13:50'),
(309, 2, 'F9', 3, '2022-04-26 01:13:50', '2022-04-26 01:13:50'),
(310, 2, 'F10', 3, '2022-04-26 01:13:50', '2022-04-26 01:13:50'),
(311, 2, 'F11', 3, '2022-04-26 01:13:50', '2022-04-26 01:13:50'),
(312, 2, 'F12', 3, '2022-04-26 01:13:50', '2022-04-26 01:13:50'),
(313, 2, 'G1', 3, '2022-04-26 01:13:50', '2022-04-26 01:13:50'),
(314, 2, 'G2', 3, '2022-04-26 01:13:50', '2022-04-26 01:13:50'),
(315, 2, 'G3', 3, '2022-04-26 01:13:50', '2022-04-26 01:13:50'),
(316, 2, 'G4', 3, '2022-04-26 01:13:50', '2022-04-26 01:13:50'),
(317, 2, 'G5', 3, '2022-04-26 01:13:50', '2022-04-26 01:13:50'),
(318, 2, 'G6', 3, '2022-04-26 01:13:50', '2022-04-26 01:13:50'),
(319, 2, 'G7', 3, '2022-04-26 01:13:50', '2022-04-26 01:13:50'),
(320, 2, 'G8', 3, '2022-04-26 01:13:50', '2022-04-26 01:13:50'),
(321, 2, 'G9', 3, '2022-04-26 01:13:50', '2022-04-26 01:13:50'),
(322, 2, 'G10', 3, '2022-04-26 01:13:50', '2022-04-26 01:13:50'),
(323, 2, 'G11', 3, '2022-04-26 01:13:50', '2022-04-26 01:13:50'),
(324, 2, 'G12', 3, '2022-04-26 01:13:50', '2022-04-26 01:13:50'),
(325, 2, 'H1', 3, '2022-04-26 01:13:50', '2022-04-26 01:13:50'),
(326, 2, 'H2', 3, '2022-04-26 01:13:50', '2022-04-26 01:13:50'),
(327, 2, 'H3', 3, '2022-04-26 01:13:50', '2022-04-26 01:13:50'),
(328, 2, 'H4', 3, '2022-04-26 01:13:50', '2022-04-26 01:13:50'),
(329, 2, 'H5', 3, '2022-04-26 01:13:50', '2022-04-26 01:13:50'),
(330, 2, 'H6', 3, '2022-04-26 01:13:50', '2022-04-26 01:13:50'),
(331, 2, 'H7', 3, '2022-04-26 01:13:50', '2022-04-26 01:13:50'),
(332, 2, 'H8', 3, '2022-04-26 01:13:50', '2022-04-26 01:13:50'),
(333, 2, 'H9', 3, '2022-04-26 01:13:50', '2022-04-26 01:13:50'),
(334, 2, 'H10', 3, '2022-04-26 01:13:50', '2022-04-26 01:13:50'),
(335, 2, 'H11', 3, '2022-04-26 01:13:50', '2022-04-26 01:13:50'),
(336, 2, 'H12', 3, '2022-04-26 01:13:50', '2022-04-26 01:13:50'),
(337, 2, 'I1', 3, '2022-04-26 01:13:50', '2022-04-26 01:13:50'),
(338, 2, 'I2', 3, '2022-04-26 01:13:50', '2022-04-26 01:13:50'),
(339, 2, 'I3', 3, '2022-04-26 01:13:50', '2022-04-26 01:13:50'),
(340, 2, 'I4', 3, '2022-04-26 01:13:50', '2022-04-26 01:13:50'),
(341, 2, 'I5', 3, '2022-04-26 01:13:50', '2022-04-26 01:13:50'),
(342, 2, 'I6', 3, '2022-04-26 01:13:50', '2022-04-26 01:13:50'),
(343, 2, 'I7', 3, '2022-04-26 01:13:50', '2022-04-26 01:13:50'),
(344, 2, 'I8', 3, '2022-04-26 01:13:50', '2022-04-26 01:13:50'),
(345, 2, 'I9', 3, '2022-04-26 01:13:50', '2022-04-26 01:13:50'),
(346, 2, 'I10', 3, '2022-04-26 01:13:50', '2022-04-26 01:13:50'),
(347, 2, 'I11', 3, '2022-04-26 01:13:50', '2022-04-26 01:13:50'),
(348, 2, 'I12', 3, '2022-04-26 01:13:50', '2022-04-26 01:13:50'),
(349, 2, 'J1', 4, '2022-04-26 01:13:50', '2022-04-26 01:13:50'),
(350, 2, 'J2', 4, '2022-04-26 01:13:50', '2022-04-26 01:13:50'),
(351, 2, 'J3', 4, '2022-04-26 01:13:50', '2022-04-26 01:13:50'),
(352, 2, 'J4', 4, '2022-04-26 01:13:50', '2022-04-26 01:13:50'),
(353, 2, 'J5', 4, '2022-04-26 01:13:50', '2022-04-26 01:13:50'),
(354, 2, 'J6', 4, '2022-04-26 01:13:50', '2022-04-26 01:13:50'),
(355, 2, 'J7', 4, '2022-04-26 01:13:50', '2022-04-26 01:13:50'),
(356, 2, 'J8', 4, '2022-04-26 01:13:50', '2022-04-26 01:13:50'),
(357, 2, 'J9', 4, '2022-04-26 01:13:50', '2022-04-26 01:13:50'),
(358, 2, 'J10', 4, '2022-04-26 01:13:50', '2022-04-26 01:13:50'),
(359, 2, 'J11', 4, '2022-04-26 01:13:50', '2022-04-26 01:13:50'),
(360, 2, 'J12', 4, '2022-04-26 01:13:50', '2022-04-26 01:13:50'),
(361, 3, 'A1', 3, '2022-04-26 01:14:16', '2022-04-26 01:14:16'),
(362, 3, 'A2', 3, '2022-04-26 01:14:16', '2022-04-26 01:14:16'),
(363, 3, 'A3', 3, '2022-04-26 01:14:16', '2022-04-26 01:14:16'),
(364, 3, 'A4', 3, '2022-04-26 01:14:16', '2022-04-26 01:14:16'),
(365, 3, 'A5', 3, '2022-04-26 01:14:16', '2022-04-26 01:14:16'),
(366, 3, 'A6', 3, '2022-04-26 01:14:16', '2022-04-26 01:14:16'),
(367, 3, 'A7', 3, '2022-04-26 01:14:16', '2022-04-26 01:14:16'),
(368, 3, 'A8', 3, '2022-04-26 01:14:16', '2022-04-26 01:14:16'),
(369, 3, 'A9', 3, '2022-04-26 01:14:16', '2022-04-26 01:14:16'),
(370, 3, 'A10', 3, '2022-04-26 01:14:16', '2022-04-26 01:14:16'),
(371, 3, 'A11', 3, '2022-04-26 01:14:16', '2022-04-26 01:14:16'),
(372, 3, 'A12', 3, '2022-04-26 01:14:16', '2022-04-26 01:14:16'),
(373, 3, 'B1', 3, '2022-04-26 01:14:16', '2022-04-26 01:14:16'),
(374, 3, 'B2', 3, '2022-04-26 01:14:16', '2022-04-26 01:14:16'),
(375, 3, 'B3', 3, '2022-04-26 01:14:16', '2022-04-26 01:14:16'),
(376, 3, 'B4', 3, '2022-04-26 01:14:16', '2022-04-26 01:14:16'),
(377, 3, 'B5', 3, '2022-04-26 01:14:16', '2022-04-26 01:14:16'),
(378, 3, 'B6', 3, '2022-04-26 01:14:16', '2022-04-26 01:14:16'),
(379, 3, 'B7', 3, '2022-04-26 01:14:16', '2022-04-26 01:14:16'),
(380, 3, 'B8', 3, '2022-04-26 01:14:16', '2022-04-26 01:14:16'),
(381, 3, 'B9', 3, '2022-04-26 01:14:16', '2022-04-26 01:14:16'),
(382, 3, 'B10', 3, '2022-04-26 01:14:16', '2022-04-26 01:14:16'),
(383, 3, 'B11', 3, '2022-04-26 01:14:16', '2022-04-26 01:14:16'),
(384, 3, 'B12', 3, '2022-04-26 01:14:16', '2022-04-26 01:14:16'),
(385, 3, 'C1', 3, '2022-04-26 01:14:16', '2022-04-26 01:14:16'),
(386, 3, 'C2', 3, '2022-04-26 01:14:16', '2022-04-26 01:14:16'),
(387, 3, 'C3', 3, '2022-04-26 01:14:16', '2022-04-26 01:14:16'),
(388, 3, 'C4', 3, '2022-04-26 01:14:16', '2022-04-26 01:14:16'),
(389, 3, 'C5', 3, '2022-04-26 01:14:16', '2022-04-26 01:14:16'),
(390, 3, 'C6', 3, '2022-04-26 01:14:16', '2022-04-26 01:14:16'),
(391, 3, 'C7', 3, '2022-04-26 01:14:16', '2022-04-26 01:14:16'),
(392, 3, 'C8', 3, '2022-04-26 01:14:16', '2022-04-26 01:14:16'),
(393, 3, 'C9', 3, '2022-04-26 01:14:16', '2022-04-26 01:14:16'),
(394, 3, 'C10', 3, '2022-04-26 01:14:16', '2022-04-26 01:14:16'),
(395, 3, 'C11', 3, '2022-04-26 01:14:16', '2022-04-26 01:14:16'),
(396, 3, 'C12', 3, '2022-04-26 01:14:16', '2022-04-26 01:14:16'),
(397, 3, 'D1', 3, '2022-04-26 01:14:16', '2022-04-26 01:14:16'),
(398, 3, 'D2', 3, '2022-04-26 01:14:16', '2022-04-26 01:14:16'),
(399, 3, 'D3', 3, '2022-04-26 01:14:16', '2022-04-26 01:14:16'),
(400, 3, 'D4', 3, '2022-04-26 01:14:16', '2022-04-26 01:14:16'),
(401, 3, 'D5', 3, '2022-04-26 01:14:16', '2022-04-26 01:14:16'),
(402, 3, 'D6', 3, '2022-04-26 01:14:16', '2022-04-26 01:14:16'),
(403, 3, 'D7', 3, '2022-04-26 01:14:16', '2022-04-26 01:14:16'),
(404, 3, 'D8', 3, '2022-04-26 01:14:16', '2022-04-26 01:14:16'),
(405, 3, 'D9', 3, '2022-04-26 01:14:16', '2022-04-26 01:14:16'),
(406, 3, 'D10', 3, '2022-04-26 01:14:16', '2022-04-26 01:14:16'),
(407, 3, 'D11', 3, '2022-04-26 01:14:16', '2022-04-26 01:14:16'),
(408, 3, 'D12', 3, '2022-04-26 01:14:16', '2022-04-26 01:14:16'),
(409, 3, 'E1', 3, '2022-04-26 01:14:16', '2022-04-26 01:14:16'),
(410, 3, 'E2', 3, '2022-04-26 01:14:16', '2022-04-26 01:14:16'),
(411, 3, 'E3', 3, '2022-04-26 01:14:16', '2022-04-26 01:14:16'),
(412, 3, 'E4', 3, '2022-04-26 01:14:16', '2022-04-26 01:14:16'),
(413, 3, 'E5', 3, '2022-04-26 01:14:16', '2022-04-26 01:14:16'),
(414, 3, 'E6', 3, '2022-04-26 01:14:16', '2022-04-26 01:14:16'),
(415, 3, 'E7', 3, '2022-04-26 01:14:16', '2022-04-26 01:14:16'),
(416, 3, 'E8', 3, '2022-04-26 01:14:16', '2022-04-26 01:14:16'),
(417, 3, 'E9', 3, '2022-04-26 01:14:16', '2022-04-26 01:14:16'),
(418, 3, 'E10', 3, '2022-04-26 01:14:16', '2022-04-26 01:14:16'),
(419, 3, 'E11', 3, '2022-04-26 01:14:16', '2022-04-26 01:14:16'),
(420, 3, 'E12', 3, '2022-04-26 01:14:16', '2022-04-26 01:14:16'),
(421, 3, 'F1', 3, '2022-04-26 01:14:16', '2022-04-26 01:14:16'),
(422, 3, 'F2', 3, '2022-04-26 01:14:16', '2022-04-26 01:14:16'),
(423, 3, 'F3', 3, '2022-04-26 01:14:16', '2022-04-26 01:14:16'),
(424, 3, 'F4', 3, '2022-04-26 01:14:16', '2022-04-26 01:14:16'),
(425, 3, 'F5', 3, '2022-04-26 01:14:16', '2022-04-26 01:14:16'),
(426, 3, 'F6', 3, '2022-04-26 01:14:16', '2022-04-26 01:14:16'),
(427, 3, 'F7', 3, '2022-04-26 01:14:16', '2022-04-26 01:14:16'),
(428, 3, 'F8', 3, '2022-04-26 01:14:16', '2022-04-26 01:14:16'),
(429, 3, 'F9', 3, '2022-04-26 01:14:16', '2022-04-26 01:14:16'),
(430, 3, 'F10', 3, '2022-04-26 01:14:16', '2022-04-26 01:14:16'),
(431, 3, 'F11', 3, '2022-04-26 01:14:16', '2022-04-26 01:14:16'),
(432, 3, 'F12', 3, '2022-04-26 01:14:16', '2022-04-26 01:14:16'),
(433, 3, 'G1', 3, '2022-04-26 01:14:16', '2022-04-26 01:14:16'),
(434, 3, 'G2', 3, '2022-04-26 01:14:16', '2022-04-26 01:14:16'),
(435, 3, 'G3', 3, '2022-04-26 01:14:16', '2022-04-26 01:14:16'),
(436, 3, 'G4', 3, '2022-04-26 01:14:16', '2022-04-26 01:14:16'),
(437, 3, 'G5', 3, '2022-04-26 01:14:16', '2022-04-26 01:14:16'),
(438, 3, 'G6', 3, '2022-04-26 01:14:16', '2022-04-26 01:14:16'),
(439, 3, 'G7', 3, '2022-04-26 01:14:16', '2022-04-26 01:14:16'),
(440, 3, 'G8', 3, '2022-04-26 01:14:16', '2022-04-26 01:14:16'),
(441, 3, 'G9', 3, '2022-04-26 01:14:16', '2022-04-26 01:14:16'),
(442, 3, 'G10', 3, '2022-04-26 01:14:16', '2022-04-26 01:14:16'),
(443, 3, 'G11', 3, '2022-04-26 01:14:16', '2022-04-26 01:14:16'),
(444, 3, 'G12', 3, '2022-04-26 01:14:16', '2022-04-26 01:14:16'),
(445, 3, 'H1', 3, '2022-04-26 01:14:16', '2022-04-26 01:14:16'),
(446, 3, 'H2', 3, '2022-04-26 01:14:16', '2022-04-26 01:14:16'),
(447, 3, 'H3', 3, '2022-04-26 01:14:16', '2022-04-26 01:14:16'),
(448, 3, 'H4', 3, '2022-04-26 01:14:16', '2022-04-26 01:14:16'),
(449, 3, 'H5', 3, '2022-04-26 01:14:16', '2022-04-26 01:14:16'),
(450, 3, 'H6', 3, '2022-04-26 01:14:16', '2022-04-26 01:14:16'),
(451, 3, 'H7', 3, '2022-04-26 01:14:16', '2022-04-26 01:14:16'),
(452, 3, 'H8', 3, '2022-04-26 01:14:16', '2022-04-26 01:14:16'),
(453, 3, 'H9', 3, '2022-04-26 01:14:16', '2022-04-26 01:14:16'),
(454, 3, 'H10', 3, '2022-04-26 01:14:16', '2022-04-26 01:14:16'),
(455, 3, 'H11', 3, '2022-04-26 01:14:16', '2022-04-26 01:14:16'),
(456, 3, 'H12', 3, '2022-04-26 01:14:16', '2022-04-26 01:14:16'),
(457, 3, 'I1', 3, '2022-04-26 01:14:16', '2022-04-26 01:14:16'),
(458, 3, 'I2', 3, '2022-04-26 01:14:16', '2022-04-26 01:14:16'),
(459, 3, 'I3', 3, '2022-04-26 01:14:16', '2022-04-26 01:14:16'),
(460, 3, 'I4', 3, '2022-04-26 01:14:16', '2022-04-26 01:14:16'),
(461, 3, 'I5', 3, '2022-04-26 01:14:16', '2022-04-26 01:14:16'),
(462, 3, 'I6', 3, '2022-04-26 01:14:16', '2022-04-26 01:14:16'),
(463, 3, 'I7', 3, '2022-04-26 01:14:16', '2022-04-26 01:14:16'),
(464, 3, 'I8', 3, '2022-04-26 01:14:16', '2022-04-26 01:14:16'),
(465, 3, 'I9', 3, '2022-04-26 01:14:16', '2022-04-26 01:14:16'),
(466, 3, 'I10', 3, '2022-04-26 01:14:16', '2022-04-26 01:14:16'),
(467, 3, 'I11', 3, '2022-04-26 01:14:16', '2022-04-26 01:14:16'),
(468, 3, 'I12', 3, '2022-04-26 01:14:16', '2022-04-26 01:14:16'),
(469, 3, 'J1', 4, '2022-04-26 01:14:16', '2022-04-26 01:14:16'),
(470, 3, 'J2', 4, '2022-04-26 01:14:16', '2022-04-26 01:14:16'),
(471, 3, 'J3', 4, '2022-04-26 01:14:16', '2022-04-26 01:14:16'),
(472, 3, 'J4', 4, '2022-04-26 01:14:16', '2022-04-26 01:14:16'),
(473, 3, 'J5', 4, '2022-04-26 01:14:16', '2022-04-26 01:14:16'),
(474, 3, 'J6', 4, '2022-04-26 01:14:16', '2022-04-26 01:14:16'),
(475, 3, 'J7', 4, '2022-04-26 01:14:16', '2022-04-26 01:14:16'),
(476, 3, 'J8', 4, '2022-04-26 01:14:16', '2022-04-26 01:14:16'),
(477, 3, 'J9', 4, '2022-04-26 01:14:16', '2022-04-26 01:14:16'),
(478, 3, 'J10', 4, '2022-04-26 01:14:16', '2022-04-26 01:14:16'),
(479, 3, 'J11', 4, '2022-04-26 01:14:16', '2022-04-26 01:14:16'),
(480, 3, 'J12', 4, '2022-04-26 01:14:16', '2022-04-26 01:14:16');

-- --------------------------------------------------------

--
-- Table structure for table `shows`
--

CREATE TABLE `shows` (
  `show_id` bigint(20) UNSIGNED NOT NULL,
  `price` decimal(19,4) NOT NULL DEFAULT '0.0000',
  `date` date DEFAULT NULL,
  `status` enum('active','inactive') COLLATE utf8mb4_unicode_ci NOT NULL,
  `time_slot_id` bigint(20) UNSIGNED NOT NULL,
  `movie_id` bigint(20) UNSIGNED NOT NULL,
  `room_id` bigint(20) UNSIGNED NOT NULL,
  `created_at` timestamp NULL DEFAULT CURRENT_TIMESTAMP,
  `updated_at` timestamp NULL DEFAULT CURRENT_TIMESTAMP ON UPDATE CURRENT_TIMESTAMP
) ENGINE=InnoDB DEFAULT CHARSET=utf8mb4 COLLATE=utf8mb4_unicode_ci;

--
-- Dumping data for table `shows`
--

INSERT INTO `shows` (`show_id`, `price`, `date`, `status`, `time_slot_id`, `movie_id`, `room_id`, `created_at`, `updated_at`) VALUES
(2, '0.0000', '2022-04-27', 'active', 1, 9, 1, '2022-04-25 20:26:06', '2022-04-27 07:36:20'),
(3, '0.0000', '2022-04-27', 'active', 2, 9, 1, '2022-04-25 20:26:17', '2022-04-27 07:36:20'),
(4, '0.0000', '2022-04-27', 'active', 3, 9, 1, '2022-04-25 20:26:28', '2022-04-27 07:36:20'),
(5, '0.0000', '2022-04-27', 'active', 4, 9, 1, '2022-04-25 20:26:38', '2022-04-27 07:36:20'),
(6, '0.0000', '2022-04-27', 'active', 5, 9, 1, '2022-04-25 20:26:48', '2022-04-27 07:36:20'),
(7, '0.0000', '2022-04-27', 'active', 6, 9, 1, '2022-04-25 20:27:10', '2022-04-27 07:36:20'),
(8, '0.0000', '2022-04-27', 'active', 1, 10, 2, '2022-04-25 20:27:28', '2022-04-27 07:36:20'),
(9, '0.0000', '2022-04-27', 'active', 2, 10, 2, '2022-04-25 20:27:37', '2022-04-27 07:36:20'),
(10, '0.0000', '2022-04-27', 'active', 3, 10, 2, '2022-04-25 20:27:54', '2022-04-27 07:36:20'),
(11, '0.0000', '2022-04-27', 'active', 4, 10, 2, '2022-04-25 20:28:04', '2022-04-27 07:36:20'),
(12, '0.0000', '2022-04-27', 'active', 5, 10, 2, '2022-04-25 20:28:20', '2022-04-27 07:36:20'),
(13, '0.0000', '2022-04-27', 'active', 6, 10, 2, '2022-04-25 20:28:34', '2022-04-27 07:36:20'),
(14, '0.0000', '2022-04-27', 'active', 1, 11, 3, '2022-04-25 20:28:48', '2022-04-27 07:36:20'),
(15, '0.0000', '2022-04-27', 'active', 2, 11, 3, '2022-04-25 20:28:57', '2022-04-27 07:36:20'),
(16, '0.0000', '2022-04-27', 'active', 3, 11, 3, '2022-04-25 20:29:06', '2022-04-27 07:36:20'),
(17, '0.0000', '2022-04-27', 'active', 4, 11, 3, '2022-04-25 20:29:20', '2022-04-27 07:36:20'),
(18, '0.0000', '2022-04-27', 'active', 5, 11, 3, '2022-04-25 20:29:40', '2022-04-27 07:36:20'),
(19, '0.0000', '2022-04-27', 'active', 6, 11, 3, '2022-04-25 20:29:49', '2022-04-27 07:36:20'),
(20, '0.0000', '2022-04-28', 'active', 1, 9, 1, '2022-04-25 20:26:06', '2022-04-27 07:36:20'),
(21, '0.0000', '2022-04-28', 'active', 2, 9, 1, '2022-04-25 20:26:17', '2022-04-27 07:36:20'),
(22, '0.0000', '2022-04-28', 'active', 3, 9, 1, '2022-04-25 20:26:28', '2022-04-27 07:36:20'),
(23, '0.0000', '2022-04-28', 'active', 4, 9, 1, '2022-04-25 20:26:38', '2022-04-27 07:36:20'),
(24, '0.0000', '2022-04-28', 'active', 5, 9, 1, '2022-04-25 20:26:48', '2022-04-27 07:36:20'),
(25, '0.0000', '2022-04-28', 'active', 6, 9, 1, '2022-04-25 20:27:10', '2022-04-27 07:36:20'),
(26, '0.0000', '2022-04-28', 'active', 1, 10, 2, '2022-04-25 20:27:28', '2022-04-27 07:36:20'),
(27, '0.0000', '2022-04-28', 'active', 2, 10, 2, '2022-04-25 20:27:37', '2022-04-27 07:36:20'),
(28, '0.0000', '2022-04-28', 'active', 3, 10, 2, '2022-04-25 20:27:54', '2022-04-27 07:36:20'),
(29, '0.0000', '2022-04-28', 'active', 4, 10, 2, '2022-04-25 20:28:04', '2022-04-27 07:36:20'),
(30, '0.0000', '2022-04-28', 'active', 5, 10, 2, '2022-04-25 20:28:20', '2022-04-27 07:36:20'),
(31, '0.0000', '2022-04-28', 'active', 6, 10, 2, '2022-04-25 20:28:34', '2022-04-27 07:36:20'),
(32, '0.0000', '2022-04-28', 'active', 1, 11, 3, '2022-04-25 20:28:48', '2022-04-27 07:36:20'),
(33, '0.0000', '2022-04-28', 'active', 2, 11, 3, '2022-04-25 20:28:57', '2022-04-27 07:36:20'),
(34, '0.0000', '2022-04-28', 'active', 3, 11, 3, '2022-04-25 20:29:06', '2022-04-27 07:36:20'),
(35, '0.0000', '2022-04-28', 'active', 4, 11, 3, '2022-04-25 20:29:20', '2022-04-27 07:36:20'),
(36, '0.0000', '2022-04-28', 'active', 5, 11, 3, '2022-04-25 20:29:40', '2022-04-27 07:36:20'),
(37, '0.0000', '2022-04-28', 'active', 6, 11, 3, '2022-04-25 20:29:49', '2022-04-27 07:36:20'),
(38, '0.0000', '2022-04-29', 'active', 1, 9, 1, '2022-04-25 20:26:06', '2022-04-27 07:36:20'),
(39, '0.0000', '2022-04-29', 'active', 2, 9, 1, '2022-04-25 20:26:17', '2022-04-27 07:36:20'),
(40, '0.0000', '2022-04-29', 'active', 3, 9, 1, '2022-04-25 20:26:28', '2022-04-27 07:36:20'),
(41, '0.0000', '2022-04-29', 'active', 4, 9, 1, '2022-04-25 20:26:38', '2022-04-27 07:36:20'),
(42, '0.0000', '2022-04-29', 'active', 5, 9, 1, '2022-04-25 20:26:48', '2022-04-27 07:36:20'),
(43, '0.0000', '2022-04-29', 'active', 6, 9, 1, '2022-04-25 20:27:10', '2022-04-27 07:36:20'),
(44, '0.0000', '2022-04-29', 'active', 1, 10, 2, '2022-04-25 20:27:28', '2022-04-27 07:36:20'),
(45, '0.0000', '2022-04-29', 'active', 2, 10, 2, '2022-04-25 20:27:37', '2022-04-27 07:36:20'),
(46, '0.0000', '2022-04-29', 'active', 3, 10, 2, '2022-04-25 20:27:54', '2022-04-27 07:36:20'),
(47, '0.0000', '2022-04-29', 'active', 4, 10, 2, '2022-04-25 20:28:04', '2022-04-27 07:36:20'),
(48, '0.0000', '2022-04-29', 'active', 5, 10, 2, '2022-04-25 20:28:20', '2022-04-27 07:36:20'),
(49, '0.0000', '2022-04-29', 'active', 6, 10, 2, '2022-04-25 20:28:34', '2022-04-27 07:36:20'),
(50, '0.0000', '2022-04-29', 'active', 1, 11, 3, '2022-04-25 20:28:48', '2022-04-27 07:36:20'),
(51, '0.0000', '2022-04-29', 'active', 2, 11, 3, '2022-04-25 20:28:57', '2022-04-27 07:36:20'),
(52, '0.0000', '2022-04-29', 'active', 3, 11, 3, '2022-04-25 20:29:06', '2022-04-27 07:36:20'),
(53, '0.0000', '2022-04-29', 'active', 4, 11, 3, '2022-04-25 20:29:20', '2022-04-27 07:36:20'),
(54, '0.0000', '2022-04-29', 'active', 5, 11, 3, '2022-04-25 20:29:40', '2022-04-27 07:36:20'),
(55, '0.0000', '2022-04-29', 'active', 6, 11, 3, '2022-04-25 20:29:49', '2022-04-27 07:36:20'),
(56, '0.0000', '2022-04-30', 'active', 1, 9, 1, '2022-04-25 20:26:06', '2022-04-27 07:36:20'),
(57, '0.0000', '2022-04-30', 'active', 2, 9, 1, '2022-04-25 20:26:17', '2022-04-27 07:36:20'),
(58, '0.0000', '2022-04-30', 'active', 3, 9, 1, '2022-04-25 20:26:28', '2022-04-27 07:36:20'),
(59, '0.0000', '2022-04-30', 'active', 4, 9, 1, '2022-04-25 20:26:38', '2022-04-27 07:36:20'),
(60, '0.0000', '2022-04-30', 'active', 5, 9, 1, '2022-04-25 20:26:48', '2022-04-27 07:36:20'),
(61, '0.0000', '2022-04-30', 'active', 6, 9, 1, '2022-04-25 20:27:10', '2022-04-27 07:36:20'),
(62, '0.0000', '2022-04-30', 'active', 1, 10, 2, '2022-04-25 20:27:28', '2022-04-27 07:36:20'),
(63, '0.0000', '2022-04-30', 'active', 2, 10, 2, '2022-04-25 20:27:37', '2022-04-27 07:36:20'),
(64, '0.0000', '2022-04-30', 'active', 3, 10, 2, '2022-04-25 20:27:54', '2022-04-27 07:36:20'),
(65, '0.0000', '2022-04-30', 'active', 4, 10, 2, '2022-04-25 20:28:04', '2022-04-27 07:36:20'),
(66, '0.0000', '2022-04-30', 'active', 5, 10, 2, '2022-04-25 20:28:20', '2022-04-27 07:36:20'),
(67, '0.0000', '2022-04-30', 'active', 6, 10, 2, '2022-04-25 20:28:34', '2022-04-27 07:36:20'),
(68, '0.0000', '2022-04-30', 'active', 1, 11, 3, '2022-04-25 20:28:48', '2022-04-27 07:36:20'),
(69, '0.0000', '2022-04-30', 'active', 2, 11, 3, '2022-04-25 20:28:57', '2022-04-27 07:36:20'),
(70, '0.0000', '2022-04-30', 'active', 3, 11, 3, '2022-04-25 20:29:06', '2022-04-27 07:36:20'),
(71, '0.0000', '2022-04-30', 'active', 4, 11, 3, '2022-04-25 20:29:20', '2022-04-27 07:36:20'),
(72, '0.0000', '2022-04-30', 'active', 5, 11, 3, '2022-04-25 20:29:40', '2022-04-27 07:36:20'),
(73, '0.0000', '2022-04-30', 'active', 6, 11, 3, '2022-04-25 20:29:49', '2022-04-27 07:36:20'),
(74, '0.0000', '2022-05-01', 'active', 1, 9, 1, '2022-04-25 20:26:06', '2022-04-27 07:36:20'),
(75, '0.0000', '2022-05-01', 'active', 2, 9, 1, '2022-04-25 20:26:17', '2022-04-27 07:36:20'),
(76, '0.0000', '2022-05-01', 'active', 3, 9, 1, '2022-04-25 20:26:28', '2022-04-27 07:36:20'),
(77, '0.0000', '2022-05-01', 'active', 4, 9, 1, '2022-04-25 20:26:38', '2022-04-27 07:36:20'),
(78, '0.0000', '2022-05-01', 'active', 5, 9, 1, '2022-04-25 20:26:48', '2022-04-27 07:36:20'),
(79, '0.0000', '2022-05-01', 'active', 6, 9, 1, '2022-04-25 20:27:10', '2022-04-27 07:36:20'),
(80, '0.0000', '2022-05-01', 'active', 1, 10, 2, '2022-04-25 20:27:28', '2022-04-27 07:36:20'),
(81, '0.0000', '2022-05-01', 'active', 2, 10, 2, '2022-04-25 20:27:37', '2022-04-27 07:36:20'),
(82, '0.0000', '2022-05-01', 'active', 3, 10, 2, '2022-04-25 20:27:54', '2022-04-27 07:36:20'),
(83, '0.0000', '2022-05-01', 'active', 4, 10, 2, '2022-04-25 20:28:04', '2022-04-27 07:36:20'),
(84, '0.0000', '2022-05-01', 'active', 5, 10, 2, '2022-04-25 20:28:20', '2022-04-27 07:36:20'),
(85, '0.0000', '2022-05-01', 'active', 6, 10, 2, '2022-04-25 20:28:34', '2022-04-27 07:36:20'),
(86, '0.0000', '2022-05-01', 'active', 1, 11, 3, '2022-04-25 20:28:48', '2022-04-27 07:36:20'),
(87, '0.0000', '2022-05-01', 'active', 2, 11, 3, '2022-04-25 20:28:57', '2022-04-27 07:36:20'),
(88, '0.0000', '2022-05-01', 'active', 3, 11, 3, '2022-04-25 20:29:06', '2022-04-27 07:36:20'),
(89, '0.0000', '2022-05-01', 'active', 4, 11, 3, '2022-04-25 20:29:20', '2022-04-27 07:36:20'),
(90, '0.0000', '2022-05-01', 'active', 5, 11, 3, '2022-04-25 20:29:40', '2022-04-27 07:36:20'),
(91, '0.0000', '2022-05-01', 'active', 6, 11, 3, '2022-04-25 20:29:49', '2022-04-27 07:36:20'),
(92, '0.0000', '2022-05-02', 'active', 1, 9, 1, '2022-04-25 20:26:06', '2022-04-27 07:36:20'),
(93, '0.0000', '2022-05-02', 'active', 2, 9, 1, '2022-04-25 20:26:17', '2022-04-27 07:36:20'),
(94, '0.0000', '2022-05-02', 'active', 3, 9, 1, '2022-04-25 20:26:28', '2022-04-27 07:36:20'),
(95, '0.0000', '2022-05-02', 'active', 4, 9, 1, '2022-04-25 20:26:38', '2022-04-27 07:36:20'),
(96, '0.0000', '2022-05-02', 'active', 5, 9, 1, '2022-04-25 20:26:48', '2022-04-27 07:36:20'),
(97, '0.0000', '2022-05-02', 'active', 6, 9, 1, '2022-04-25 20:27:10', '2022-04-27 07:36:20'),
(98, '0.0000', '2022-05-02', 'active', 1, 10, 2, '2022-04-25 20:27:28', '2022-04-27 07:36:20'),
(99, '0.0000', '2022-05-02', 'active', 2, 10, 2, '2022-04-25 20:27:37', '2022-04-27 07:36:20'),
(100, '0.0000', '2022-05-02', 'active', 3, 10, 2, '2022-04-25 20:27:54', '2022-04-27 07:36:20'),
(101, '0.0000', '2022-05-02', 'active', 4, 10, 2, '2022-04-25 20:28:04', '2022-04-27 07:36:20'),
(102, '0.0000', '2022-05-02', 'active', 5, 10, 2, '2022-04-25 20:28:20', '2022-04-27 07:36:20'),
(103, '0.0000', '2022-05-02', 'active', 6, 10, 2, '2022-04-25 20:28:34', '2022-04-27 07:36:20'),
(104, '0.0000', '2022-05-02', 'active', 1, 11, 3, '2022-04-25 20:28:48', '2022-04-27 07:36:20'),
(105, '0.0000', '2022-05-02', 'active', 2, 11, 3, '2022-04-25 20:28:57', '2022-04-27 07:36:20'),
(106, '0.0000', '2022-05-02', 'active', 3, 11, 3, '2022-04-25 20:29:06', '2022-04-27 07:36:20'),
(107, '0.0000', '2022-05-02', 'active', 4, 11, 3, '2022-04-25 20:29:20', '2022-04-27 07:36:20'),
(108, '0.0000', '2022-05-02', 'active', 5, 11, 3, '2022-04-25 20:29:40', '2022-04-27 07:36:20'),
(109, '0.0000', '2022-05-02', 'active', 6, 11, 3, '2022-04-25 20:29:49', '2022-04-27 07:36:20'),
(110, '0.0000', '2022-05-03', 'active', 1, 9, 1, '2022-04-25 20:26:06', '2022-04-27 07:36:20'),
(111, '0.0000', '2022-05-03', 'active', 2, 9, 1, '2022-04-25 20:26:17', '2022-04-27 07:36:20'),
(112, '0.0000', '2022-05-03', 'active', 3, 9, 1, '2022-04-25 20:26:28', '2022-04-27 07:36:20'),
(113, '0.0000', '2022-05-03', 'active', 4, 9, 1, '2022-04-25 20:26:38', '2022-04-27 07:36:20'),
(114, '0.0000', '2022-05-03', 'active', 5, 9, 1, '2022-04-25 20:26:48', '2022-04-27 07:36:20'),
(115, '0.0000', '2022-05-03', 'active', 6, 9, 1, '2022-04-25 20:27:10', '2022-04-27 07:36:20'),
(116, '0.0000', '2022-05-03', 'active', 1, 10, 2, '2022-04-25 20:27:28', '2022-04-27 07:36:20'),
(117, '0.0000', '2022-05-03', 'active', 2, 10, 2, '2022-04-25 20:27:37', '2022-04-27 07:36:20'),
(118, '0.0000', '2022-05-03', 'active', 3, 10, 2, '2022-04-25 20:27:54', '2022-04-27 07:36:20'),
(119, '0.0000', '2022-05-03', 'active', 4, 10, 2, '2022-04-25 20:28:04', '2022-04-27 07:36:20'),
(120, '0.0000', '2022-05-03', 'active', 5, 10, 2, '2022-04-25 20:28:20', '2022-04-27 07:36:20'),
(121, '0.0000', '2022-05-03', 'active', 6, 10, 2, '2022-04-25 20:28:34', '2022-04-27 07:36:20'),
(122, '0.0000', '2022-05-03', 'active', 1, 11, 3, '2022-04-25 20:28:48', '2022-04-27 07:36:20'),
(123, '0.0000', '2022-05-03', 'active', 2, 11, 3, '2022-04-25 20:28:57', '2022-04-27 07:36:20'),
(124, '0.0000', '2022-05-03', 'active', 3, 11, 3, '2022-04-25 20:29:06', '2022-04-27 07:36:20'),
(125, '0.0000', '2022-05-03', 'active', 4, 11, 3, '2022-04-25 20:29:20', '2022-04-27 07:36:20'),
(126, '0.0000', '2022-05-03', 'active', 5, 11, 3, '2022-04-25 20:29:40', '2022-04-27 07:36:20'),
(127, '0.0000', '2022-05-03', 'active', 6, 11, 3, '2022-04-25 20:29:49', '2022-04-27 07:36:20'),
(128, '0.0000', '2022-05-04', 'active', 1, 9, 1, '2022-04-25 20:26:06', '2022-04-27 07:36:20'),
(129, '0.0000', '2022-05-04', 'active', 2, 9, 1, '2022-04-25 20:26:17', '2022-04-27 07:36:20'),
(130, '0.0000', '2022-05-04', 'active', 3, 9, 1, '2022-04-25 20:26:28', '2022-04-27 07:36:20'),
(131, '0.0000', '2022-05-04', 'active', 4, 9, 1, '2022-04-25 20:26:38', '2022-04-27 07:36:20'),
(132, '0.0000', '2022-05-04', 'active', 5, 9, 1, '2022-04-25 20:26:48', '2022-04-27 07:36:20'),
(133, '0.0000', '2022-05-04', 'active', 6, 9, 1, '2022-04-25 20:27:10', '2022-04-27 07:36:20'),
(134, '0.0000', '2022-05-04', 'active', 1, 10, 2, '2022-04-25 20:27:28', '2022-04-27 07:36:20'),
(135, '0.0000', '2022-05-04', 'active', 2, 10, 2, '2022-04-25 20:27:37', '2022-04-27 07:36:20'),
(136, '0.0000', '2022-05-04', 'active', 3, 10, 2, '2022-04-25 20:27:54', '2022-04-27 07:36:20'),
(137, '0.0000', '2022-05-04', 'active', 4, 10, 2, '2022-04-25 20:28:04', '2022-04-27 07:36:20'),
(138, '0.0000', '2022-05-04', 'active', 5, 10, 2, '2022-04-25 20:28:20', '2022-04-27 07:36:20'),
(139, '0.0000', '2022-05-04', 'active', 6, 10, 2, '2022-04-25 20:28:34', '2022-04-27 07:36:20'),
(140, '0.0000', '2022-05-04', 'active', 1, 11, 3, '2022-04-25 20:28:48', '2022-04-27 07:36:20'),
(141, '0.0000', '2022-05-04', 'active', 2, 11, 3, '2022-04-25 20:28:57', '2022-04-27 07:36:20'),
(142, '0.0000', '2022-05-04', 'active', 3, 11, 3, '2022-04-25 20:29:06', '2022-04-27 07:36:20'),
(143, '0.0000', '2022-05-04', 'active', 4, 11, 3, '2022-04-25 20:29:20', '2022-04-27 07:36:20'),
(144, '0.0000', '2022-05-04', 'active', 5, 11, 3, '2022-04-25 20:29:40', '2022-04-27 07:36:20'),
(145, '0.0000', '2022-05-04', 'active', 6, 11, 3, '2022-04-25 20:29:49', '2022-04-27 07:36:20'),
(146, '0.0000', '2022-05-05', 'active', 1, 9, 1, '2022-04-25 20:26:06', '2022-04-27 07:36:20'),
(147, '0.0000', '2022-05-05', 'active', 2, 9, 1, '2022-04-25 20:26:17', '2022-04-27 07:36:20'),
(148, '0.0000', '2022-05-05', 'active', 3, 9, 1, '2022-04-25 20:26:28', '2022-04-27 07:36:20'),
(149, '0.0000', '2022-05-05', 'active', 4, 9, 1, '2022-04-25 20:26:38', '2022-04-27 07:36:20'),
(150, '0.0000', '2022-05-05', 'active', 5, 9, 1, '2022-04-25 20:26:48', '2022-04-27 07:36:20'),
(151, '0.0000', '2022-05-05', 'active', 6, 9, 1, '2022-04-25 20:27:10', '2022-04-27 07:36:20'),
(152, '0.0000', '2022-05-05', 'active', 1, 10, 2, '2022-04-25 20:27:28', '2022-04-27 07:36:20'),
(153, '0.0000', '2022-05-05', 'active', 2, 10, 2, '2022-04-25 20:27:37', '2022-04-27 07:36:20'),
(154, '0.0000', '2022-05-05', 'active', 3, 10, 2, '2022-04-25 20:27:54', '2022-04-27 07:36:20'),
(155, '0.0000', '2022-05-05', 'active', 4, 10, 2, '2022-04-25 20:28:04', '2022-04-27 07:36:20'),
(156, '0.0000', '2022-05-05', 'active', 5, 10, 2, '2022-04-25 20:28:20', '2022-04-27 07:36:20'),
(157, '0.0000', '2022-05-05', 'active', 6, 10, 2, '2022-04-25 20:28:34', '2022-04-27 07:36:20'),
(158, '0.0000', '2022-05-05', 'active', 1, 11, 3, '2022-04-25 20:28:48', '2022-04-27 07:36:20'),
(159, '0.0000', '2022-05-05', 'active', 2, 11, 3, '2022-04-25 20:28:57', '2022-04-27 07:36:20'),
(160, '0.0000', '2022-05-05', 'active', 3, 11, 3, '2022-04-25 20:29:06', '2022-04-27 07:36:20'),
(161, '0.0000', '2022-05-05', 'active', 4, 11, 3, '2022-04-25 20:29:20', '2022-04-27 07:36:20'),
(162, '0.0000', '2022-05-05', 'active', 5, 11, 3, '2022-04-25 20:29:40', '2022-04-27 07:36:20'),
(163, '0.0000', '2022-05-05', 'active', 6, 11, 3, '2022-04-25 20:29:49', '2022-04-27 07:36:20'),
(164, '0.0000', '2022-05-06', 'active', 1, 9, 1, '2022-04-25 20:26:06', '2022-04-27 07:36:20'),
(165, '0.0000', '2022-05-06', 'active', 2, 9, 1, '2022-04-25 20:26:17', '2022-04-27 07:36:20'),
(166, '0.0000', '2022-05-06', 'active', 3, 9, 1, '2022-04-25 20:26:28', '2022-04-27 07:36:20'),
(167, '0.0000', '2022-05-06', 'active', 4, 9, 1, '2022-04-25 20:26:38', '2022-04-27 07:36:20'),
(168, '0.0000', '2022-05-06', 'active', 5, 9, 1, '2022-04-25 20:26:48', '2022-04-27 07:36:20'),
(169, '0.0000', '2022-05-06', 'active', 6, 9, 1, '2022-04-25 20:27:10', '2022-04-27 07:36:20'),
(170, '0.0000', '2022-05-06', 'active', 1, 10, 2, '2022-04-25 20:27:28', '2022-04-27 07:36:20'),
(171, '0.0000', '2022-05-06', 'active', 2, 10, 2, '2022-04-25 20:27:37', '2022-04-27 07:36:20'),
(172, '0.0000', '2022-05-06', 'active', 3, 10, 2, '2022-04-25 20:27:54', '2022-04-27 07:36:20'),
(173, '0.0000', '2022-05-06', 'active', 4, 10, 2, '2022-04-25 20:28:04', '2022-04-27 07:36:20'),
(174, '0.0000', '2022-05-06', 'active', 5, 10, 2, '2022-04-25 20:28:20', '2022-04-27 07:36:20'),
(175, '0.0000', '2022-05-06', 'active', 6, 10, 2, '2022-04-25 20:28:34', '2022-04-27 07:36:20'),
(176, '0.0000', '2022-05-06', 'active', 1, 11, 3, '2022-04-25 20:28:48', '2022-04-27 07:36:20'),
(177, '0.0000', '2022-05-06', 'active', 2, 11, 3, '2022-04-25 20:28:57', '2022-04-27 07:36:20'),
(178, '0.0000', '2022-05-06', 'active', 3, 11, 3, '2022-04-25 20:29:06', '2022-04-27 07:36:20'),
(179, '0.0000', '2022-05-06', 'active', 4, 11, 3, '2022-04-25 20:29:20', '2022-04-27 07:36:20'),
(180, '0.0000', '2022-05-06', 'active', 5, 11, 3, '2022-04-25 20:29:40', '2022-04-27 07:36:20'),
(181, '0.0000', '2022-05-06', 'active', 6, 11, 3, '2022-04-25 20:29:49', '2022-04-27 07:36:20'),
(182, '0.0000', '2022-05-07', 'active', 1, 9, 1, '2022-04-25 20:26:06', '2022-04-27 07:36:20'),
(183, '0.0000', '2022-05-07', 'active', 2, 9, 1, '2022-04-25 20:26:17', '2022-04-27 07:36:20'),
(184, '0.0000', '2022-05-07', 'active', 3, 9, 1, '2022-04-25 20:26:28', '2022-04-27 07:36:20'),
(185, '0.0000', '2022-05-07', 'active', 4, 9, 1, '2022-04-25 20:26:38', '2022-04-27 07:36:20'),
(186, '0.0000', '2022-05-07', 'active', 5, 9, 1, '2022-04-25 20:26:48', '2022-04-27 07:36:20'),
(187, '0.0000', '2022-05-07', 'active', 6, 9, 1, '2022-04-25 20:27:10', '2022-04-27 07:36:20'),
(188, '0.0000', '2022-05-07', 'active', 1, 10, 2, '2022-04-25 20:27:28', '2022-04-27 07:36:20'),
(189, '0.0000', '2022-05-07', 'active', 2, 10, 2, '2022-04-25 20:27:37', '2022-04-27 07:36:20'),
(190, '0.0000', '2022-05-07', 'active', 3, 10, 2, '2022-04-25 20:27:54', '2022-04-27 07:36:20'),
(191, '0.0000', '2022-05-07', 'active', 4, 10, 2, '2022-04-25 20:28:04', '2022-04-27 07:36:20'),
(192, '0.0000', '2022-05-07', 'active', 5, 10, 2, '2022-04-25 20:28:20', '2022-04-27 07:36:20'),
(193, '0.0000', '2022-05-07', 'active', 6, 10, 2, '2022-04-25 20:28:34', '2022-04-27 07:36:20'),
(194, '0.0000', '2022-05-07', 'active', 1, 11, 3, '2022-04-25 20:28:48', '2022-04-27 07:36:20'),
(195, '0.0000', '2022-05-07', 'active', 2, 11, 3, '2022-04-25 20:28:57', '2022-04-27 07:36:20'),
(196, '0.0000', '2022-05-07', 'active', 3, 11, 3, '2022-04-25 20:29:06', '2022-04-27 07:36:20'),
(197, '0.0000', '2022-05-07', 'active', 4, 11, 3, '2022-04-25 20:29:20', '2022-04-27 07:36:20'),
(198, '0.0000', '2022-05-07', 'active', 5, 11, 3, '2022-04-25 20:29:40', '2022-04-27 07:36:20'),
(199, '0.0000', '2022-05-07', 'active', 6, 11, 3, '2022-04-25 20:29:49', '2022-04-27 07:36:20'),
(200, '0.0000', '2022-05-08', 'active', 1, 9, 1, '2022-04-25 20:26:06', '2022-04-27 07:36:20'),
(201, '0.0000', '2022-05-08', 'active', 2, 9, 1, '2022-04-25 20:26:17', '2022-04-27 07:36:20'),
(202, '0.0000', '2022-05-08', 'active', 3, 9, 1, '2022-04-25 20:26:28', '2022-04-27 07:36:20'),
(203, '0.0000', '2022-05-08', 'active', 4, 9, 1, '2022-04-25 20:26:38', '2022-04-27 07:36:20'),
(204, '0.0000', '2022-05-08', 'active', 5, 9, 1, '2022-04-25 20:26:48', '2022-04-27 07:36:20'),
(205, '0.0000', '2022-05-08', 'active', 6, 9, 1, '2022-04-25 20:27:10', '2022-04-27 07:36:20'),
(206, '0.0000', '2022-05-08', 'active', 1, 10, 2, '2022-04-25 20:27:28', '2022-04-27 07:36:20'),
(207, '0.0000', '2022-05-08', 'active', 2, 10, 2, '2022-04-25 20:27:37', '2022-04-27 07:36:20'),
(208, '0.0000', '2022-05-08', 'active', 3, 10, 2, '2022-04-25 20:27:54', '2022-04-27 07:36:20'),
(209, '0.0000', '2022-05-08', 'active', 4, 10, 2, '2022-04-25 20:28:04', '2022-04-27 07:36:20'),
(210, '0.0000', '2022-05-08', 'active', 5, 10, 2, '2022-04-25 20:28:20', '2022-04-27 07:36:20'),
(211, '0.0000', '2022-05-08', 'active', 6, 10, 2, '2022-04-25 20:28:34', '2022-04-27 07:36:20'),
(212, '0.0000', '2022-05-08', 'active', 1, 11, 3, '2022-04-25 20:28:48', '2022-04-27 07:36:20'),
(213, '0.0000', '2022-05-08', 'active', 2, 11, 3, '2022-04-25 20:28:57', '2022-04-27 07:36:20'),
(214, '0.0000', '2022-05-08', 'active', 3, 11, 3, '2022-04-25 20:29:06', '2022-04-27 07:36:20'),
(215, '0.0000', '2022-05-08', 'active', 4, 11, 3, '2022-04-25 20:29:20', '2022-04-27 07:36:20'),
(216, '0.0000', '2022-05-08', 'active', 5, 11, 3, '2022-04-25 20:29:40', '2022-04-27 07:36:20'),
(217, '0.0000', '2022-05-08', 'active', 6, 11, 3, '2022-04-25 20:29:49', '2022-04-27 07:36:20'),
(218, '0.0000', '2022-05-09', 'active', 1, 9, 1, '2022-04-25 20:26:06', '2022-04-27 07:36:20'),
(219, '0.0000', '2022-05-09', 'active', 2, 9, 1, '2022-04-25 20:26:17', '2022-04-27 07:36:20'),
(220, '0.0000', '2022-05-09', 'active', 3, 9, 1, '2022-04-25 20:26:28', '2022-04-27 07:36:20'),
(221, '0.0000', '2022-05-09', 'active', 4, 9, 1, '2022-04-25 20:26:38', '2022-04-27 07:36:20'),
(222, '0.0000', '2022-05-09', 'active', 5, 9, 1, '2022-04-25 20:26:48', '2022-04-27 07:36:20'),
(223, '0.0000', '2022-05-09', 'active', 6, 9, 1, '2022-04-25 20:27:10', '2022-04-27 07:36:20'),
(224, '0.0000', '2022-05-09', 'active', 1, 10, 2, '2022-04-25 20:27:28', '2022-04-27 07:36:20'),
(225, '0.0000', '2022-05-09', 'active', 2, 10, 2, '2022-04-25 20:27:37', '2022-04-27 07:36:20'),
(226, '0.0000', '2022-05-09', 'active', 3, 10, 2, '2022-04-25 20:27:54', '2022-04-27 07:36:20'),
(227, '0.0000', '2022-05-09', 'active', 4, 10, 2, '2022-04-25 20:28:04', '2022-04-27 07:36:20'),
(228, '0.0000', '2022-05-09', 'active', 5, 10, 2, '2022-04-25 20:28:20', '2022-04-27 07:36:20'),
(229, '0.0000', '2022-05-09', 'active', 6, 10, 2, '2022-04-25 20:28:34', '2022-04-27 07:36:20'),
(230, '0.0000', '2022-05-09', 'active', 1, 11, 3, '2022-04-25 20:28:48', '2022-04-27 07:36:20'),
(231, '0.0000', '2022-05-09', 'active', 2, 11, 3, '2022-04-25 20:28:57', '2022-04-27 07:36:20'),
(232, '0.0000', '2022-05-09', 'active', 3, 11, 3, '2022-04-25 20:29:06', '2022-04-27 07:36:20'),
(233, '0.0000', '2022-05-09', 'active', 4, 11, 3, '2022-04-25 20:29:20', '2022-04-27 07:36:20'),
(234, '0.0000', '2022-05-09', 'active', 5, 11, 3, '2022-04-25 20:29:40', '2022-04-27 07:36:20'),
(235, '0.0000', '2022-05-09', 'active', 6, 11, 3, '2022-04-25 20:29:49', '2022-04-27 07:36:20'),
(236, '0.0000', '2022-05-10', 'active', 1, 9, 1, '2022-04-25 20:26:06', '2022-04-27 07:36:20'),
(237, '0.0000', '2022-05-10', 'active', 2, 9, 1, '2022-04-25 20:26:17', '2022-04-27 07:36:20'),
(238, '0.0000', '2022-05-10', 'active', 3, 9, 1, '2022-04-25 20:26:28', '2022-04-27 07:36:20'),
(239, '0.0000', '2022-05-10', 'active', 4, 9, 1, '2022-04-25 20:26:38', '2022-04-27 07:36:20'),
(240, '0.0000', '2022-05-10', 'active', 5, 9, 1, '2022-04-25 20:26:48', '2022-04-27 07:36:20'),
(241, '0.0000', '2022-05-10', 'active', 6, 9, 1, '2022-04-25 20:27:10', '2022-04-27 07:36:20'),
(242, '0.0000', '2022-05-10', 'active', 1, 10, 2, '2022-04-25 20:27:28', '2022-04-27 07:36:20'),
(243, '0.0000', '2022-05-10', 'active', 2, 10, 2, '2022-04-25 20:27:37', '2022-04-27 07:36:20'),
(244, '0.0000', '2022-05-10', 'active', 3, 10, 2, '2022-04-25 20:27:54', '2022-04-27 07:36:20'),
(245, '0.0000', '2022-05-10', 'active', 4, 10, 2, '2022-04-25 20:28:04', '2022-04-27 07:36:20'),
(246, '0.0000', '2022-05-10', 'active', 5, 10, 2, '2022-04-25 20:28:20', '2022-04-27 07:36:20'),
(247, '0.0000', '2022-05-10', 'active', 6, 10, 2, '2022-04-25 20:28:34', '2022-04-27 07:36:20'),
(248, '0.0000', '2022-05-10', 'active', 1, 11, 3, '2022-04-25 20:28:48', '2022-04-27 07:36:20'),
(249, '0.0000', '2022-05-10', 'active', 2, 11, 3, '2022-04-25 20:28:57', '2022-04-27 07:36:20'),
(250, '0.0000', '2022-05-10', 'active', 3, 11, 3, '2022-04-25 20:29:06', '2022-04-27 07:36:20'),
(251, '0.0000', '2022-05-10', 'active', 4, 11, 3, '2022-04-25 20:29:20', '2022-04-27 07:36:20'),
(252, '0.0000', '2022-05-10', 'active', 5, 11, 3, '2022-04-25 20:29:40', '2022-04-27 07:36:20'),
(253, '0.0000', '2022-05-10', 'active', 6, 11, 3, '2022-04-25 20:29:49', '2022-04-27 07:36:20'),
(254, '0.0000', '2022-05-11', 'active', 1, 9, 1, '2022-04-25 20:26:06', '2022-04-27 07:36:20'),
(255, '0.0000', '2022-05-11', 'active', 2, 9, 1, '2022-04-25 20:26:17', '2022-04-27 07:36:20'),
(256, '0.0000', '2022-05-11', 'active', 3, 9, 1, '2022-04-25 20:26:28', '2022-04-27 07:36:20'),
(257, '0.0000', '2022-05-11', 'active', 4, 9, 1, '2022-04-25 20:26:38', '2022-04-27 07:36:20'),
(258, '0.0000', '2022-05-11', 'active', 5, 9, 1, '2022-04-25 20:26:48', '2022-04-27 07:36:20'),
(259, '0.0000', '2022-05-11', 'active', 6, 9, 1, '2022-04-25 20:27:10', '2022-04-27 07:36:20'),
(260, '0.0000', '2022-05-11', 'active', 1, 10, 2, '2022-04-25 20:27:28', '2022-04-27 07:36:20'),
(261, '0.0000', '2022-05-11', 'active', 2, 10, 2, '2022-04-25 20:27:37', '2022-04-27 07:36:20'),
(262, '0.0000', '2022-05-11', 'active', 3, 10, 2, '2022-04-25 20:27:54', '2022-04-27 07:36:20'),
(263, '0.0000', '2022-05-11', 'active', 4, 10, 2, '2022-04-25 20:28:04', '2022-04-27 07:36:20'),
(264, '0.0000', '2022-05-11', 'active', 5, 10, 2, '2022-04-25 20:28:20', '2022-04-27 07:36:20'),
(265, '0.0000', '2022-05-11', 'active', 6, 10, 2, '2022-04-25 20:28:34', '2022-04-27 07:36:20'),
(266, '0.0000', '2022-05-11', 'active', 1, 11, 3, '2022-04-25 20:28:48', '2022-04-27 07:36:20'),
(267, '0.0000', '2022-05-11', 'active', 2, 11, 3, '2022-04-25 20:28:57', '2022-04-27 07:36:20'),
(268, '0.0000', '2022-05-11', 'active', 3, 11, 3, '2022-04-25 20:29:06', '2022-04-27 07:36:20'),
(269, '0.0000', '2022-05-11', 'active', 4, 11, 3, '2022-04-25 20:29:20', '2022-04-27 07:36:20'),
(270, '0.0000', '2022-05-11', 'active', 5, 11, 3, '2022-04-25 20:29:40', '2022-04-27 07:36:20'),
(271, '0.0000', '2022-05-11', 'active', 6, 11, 3, '2022-04-25 20:29:49', '2022-04-27 07:36:20');

-- --------------------------------------------------------

--
-- Table structure for table `tickets`
--

CREATE TABLE `tickets` (
  `ticket_id` bigint(20) UNSIGNED NOT NULL,
  `price` decimal(19,4) NOT NULL,
  `status` enum('active','canceled') COLLATE utf8mb4_unicode_ci NOT NULL DEFAULT 'active',
  `booking_id` bigint(20) UNSIGNED NOT NULL,
  `show_id` bigint(20) UNSIGNED NOT NULL,
  `seat_id` bigint(20) UNSIGNED NOT NULL,
  `created_at` timestamp NULL DEFAULT CURRENT_TIMESTAMP,
  `updated_at` timestamp NULL DEFAULT CURRENT_TIMESTAMP ON UPDATE CURRENT_TIMESTAMP
) ENGINE=InnoDB DEFAULT CHARSET=utf8mb4 COLLATE=utf8mb4_unicode_ci;

--
-- Dumping data for table `tickets`
--

INSERT INTO `tickets` (`ticket_id`, `price`, `status`, `booking_id`, `show_id`, `seat_id`, `created_at`, `updated_at`) VALUES
(77, '100000.0000', 'canceled', 33, 52, 470, '2022-04-28 16:04:59', '2022-04-28 19:54:12'),
(78, '100000.0000', 'canceled', 33, 52, 479, '2022-04-28 16:04:59', '2022-04-28 19:54:12'),
(79, '45000.0000', 'canceled', 34, 39, 178, '2022-04-29 04:05:42', '2022-04-28 23:28:26'),
(80, '45000.0000', 'canceled', 34, 39, 192, '2022-04-29 04:05:42', '2022-04-28 23:28:26'),
(81, '45000.0000', 'canceled', 35, 40, 182, '2022-04-29 04:06:47', '2022-04-28 23:28:26'),
(82, '45000.0000', 'canceled', 35, 40, 191, '2022-04-29 04:06:47', '2022-04-28 23:28:26'),
(83, '45000.0000', 'canceled', 35, 40, 192, '2022-04-29 04:06:47', '2022-04-28 23:28:26');

-- --------------------------------------------------------

--
-- Table structure for table `time_slots`
--

CREATE TABLE `time_slots` (
  `time_slot_id` bigint(20) UNSIGNED NOT NULL,
  `time_start` varchar(10) COLLATE utf8mb4_unicode_ci NOT NULL,
  `time_end` varchar(10) COLLATE utf8mb4_unicode_ci NOT NULL,
  `created_at` timestamp NOT NULL DEFAULT CURRENT_TIMESTAMP,
  `updated_at` timestamp NOT NULL DEFAULT CURRENT_TIMESTAMP ON UPDATE CURRENT_TIMESTAMP
) ENGINE=InnoDB DEFAULT CHARSET=utf8mb4 COLLATE=utf8mb4_unicode_ci;

--
-- Dumping data for table `time_slots`
--

INSERT INTO `time_slots` (`time_slot_id`, `time_start`, `time_end`, `created_at`, `updated_at`) VALUES
(1, '09:30', '12:00', '2022-04-25 03:02:46', '2022-04-25 03:02:46'),
(2, '12:00', '14:30', '2022-04-25 03:02:46', '2022-04-25 03:02:46'),
(3, '14:30', '17:00', '2022-04-25 03:02:46', '2022-04-25 03:02:46'),
(4, '17:00', '19:30', '2022-04-25 03:02:46', '2022-04-25 03:02:46'),
(5, '19:30', '22:00', '2022-04-25 03:02:46', '2022-04-25 03:02:46'),
(6, '22:00', '00:30', '2022-04-25 03:02:46', '2022-04-25 03:02:46');

-- --------------------------------------------------------

--
-- Table structure for table `type_seats`
--

CREATE TABLE `type_seats` (
  `type_seat_id` bigint(20) UNSIGNED NOT NULL,
  `name` varchar(255) COLLATE utf8mb4_unicode_ci NOT NULL,
  `price` decimal(19,4) NOT NULL DEFAULT '0.0000',
  `created_at` timestamp NULL DEFAULT CURRENT_TIMESTAMP,
  `updated_at` timestamp NULL DEFAULT CURRENT_TIMESTAMP ON UPDATE CURRENT_TIMESTAMP
) ENGINE=InnoDB DEFAULT CHARSET=utf8mb4 COLLATE=utf8mb4_unicode_ci;

--
-- Dumping data for table `type_seats`
--

INSERT INTO `type_seats` (`type_seat_id`, `name`, `price`, `created_at`, `updated_at`) VALUES
(1, 'Ghế 4DX', '200000.0000', '2022-04-23 20:25:26', '2022-04-26 00:56:23'),
(2, 'Ghế Imax', '250000.0000', '2022-04-23 20:25:26', '2022-04-26 00:56:23'),
(3, 'Ghế thường', '45000.0000', '2022-04-23 20:25:26', '2022-04-26 00:56:23'),
(4, 'Ghế đôi', '100000.0000', '2022-04-23 20:25:26', '2022-04-26 00:56:23'),
(5, 'Giường nằm', '400000.0000', '2022-04-23 20:25:26', '2022-04-26 00:56:23'),
(6, 'Gold Class', '300000.0000', '2022-04-23 20:25:26', '2022-04-26 00:56:23');

-- --------------------------------------------------------

--
-- Table structure for table `users`
--

CREATE TABLE `users` (
  `user_id` bigint(20) UNSIGNED NOT NULL,
  `id_card_number` int(11) DEFAULT NULL,
  `first_name` varchar(100) COLLATE utf8mb4_unicode_ci NOT NULL,
  `last_name` varchar(100) COLLATE utf8mb4_unicode_ci NOT NULL,
  `gender` enum('male','female') COLLATE utf8mb4_unicode_ci NOT NULL DEFAULT 'male',
  `birthday` timestamp NULL DEFAULT NULL,
  `password` varchar(255) COLLATE utf8mb4_unicode_ci NOT NULL,
  `avatar` varchar(255) COLLATE utf8mb4_unicode_ci DEFAULT NULL,
  `telephone` varchar(255) COLLATE utf8mb4_unicode_ci DEFAULT NULL,
  `email` varchar(255) COLLATE utf8mb4_unicode_ci NOT NULL,
  `email_verified_at` timestamp NULL DEFAULT NULL,
  `status` enum('active','inactive') COLLATE utf8mb4_unicode_ci NOT NULL DEFAULT 'active',
  `role` enum('admin','customer') COLLATE utf8mb4_unicode_ci NOT NULL DEFAULT 'customer',
  `remember_token` varchar(100) COLLATE utf8mb4_unicode_ci DEFAULT NULL,
  `created_at` timestamp NULL DEFAULT CURRENT_TIMESTAMP,
  `updated_at` timestamp NULL DEFAULT CURRENT_TIMESTAMP
) ENGINE=InnoDB DEFAULT CHARSET=utf8mb4 COLLATE=utf8mb4_unicode_ci;

--
-- Dumping data for table `users`
--

INSERT INTO `users` (`user_id`, `id_card_number`, `first_name`, `last_name`, `gender`, `birthday`, `password`, `avatar`, `telephone`, `email`, `email_verified_at`, `status`, `role`, `remember_token`, `created_at`, `updated_at`) VALUES
(1, NULL, 'An', 'Nhật', 'male', '2000-04-13 17:00:00', '$2y$10$wo78Hlkj2EII1CBQsAq7TO0lrnqNrLbOoU6gJx4GFD1Kwnv8pbW0K', 'https://lh3.googleusercontent.com/a-/AOh14GgbTYnLp4THmULBL3hvWinMgGV7V0stfA_Jr8_izw=s288-p-rw-no', '0901234512', 'admin@gmail.com', NULL, 'active', 'admin', 'DQyWBdTzl0fdsKKxlGrAHuCiek1rxKEH4xtXiZ9Q866Bx484o7JVjP4Xu1e0', '2022-04-23 00:36:36', '2022-04-28 08:17:27'),
(2, NULL, 'An', 'Khánh', 'male', '2000-04-04 17:00:00', '$2y$10$Uscyf9e0E3TCvVrG5lFYZekNiNSxg3RUwSeFtL5S5lGjpzvyOe5GO', 'https://lh3.googleusercontent.com/a-/AOh14GgbTYnLp4THmULBL3hvWinMgGV7V0stfA_Jr8_izw=s288-p-rw-no', '0901234111', 'DH51804249@student.stu.edu.vn', NULL, 'active', 'customer', NULL, '2022-04-23 02:36:31', '2022-04-23 02:36:31');

--
-- Indexes for dumped tables
--

--
-- Indexes for table `actors`
--
ALTER TABLE `actors`
  ADD PRIMARY KEY (`actor_id`);

--
-- Indexes for table `bookings`
--
ALTER TABLE `bookings`
  ADD PRIMARY KEY (`booking_id`),
  ADD UNIQUE KEY `booking_number` (`booking_number`),
  ADD KEY `user_id` (`user_id`);

--
-- Indexes for table `categories`
--
ALTER TABLE `categories`
  ADD PRIMARY KEY (`category_id`);

--
-- Indexes for table `failed_jobs`
--
ALTER TABLE `failed_jobs`
  ADD PRIMARY KEY (`id`),
  ADD UNIQUE KEY `failed_jobs_uuid_unique` (`uuid`);

--
-- Indexes for table `languages`
--
ALTER TABLE `languages`
  ADD PRIMARY KEY (`language_id`);

--
-- Indexes for table `migrations`
--
ALTER TABLE `migrations`
  ADD PRIMARY KEY (`id`);

--
-- Indexes for table `movies`
--
ALTER TABLE `movies`
  ADD PRIMARY KEY (`movie_id`),
  ADD KEY `language_id` (`language_id`);

--
-- Indexes for table `movie_actor`
--
ALTER TABLE `movie_actor`
  ADD PRIMARY KEY (`movie_actor_id`),
  ADD KEY `movie_id` (`movie_id`),
  ADD KEY `actor_id` (`actor_id`);

--
-- Indexes for table `movie_category`
--
ALTER TABLE `movie_category`
  ADD PRIMARY KEY (`id`);

--
-- Indexes for table `password_resets`
--
ALTER TABLE `password_resets`
  ADD KEY `password_resets_email_index` (`email`);

--
-- Indexes for table `personal_access_tokens`
--
ALTER TABLE `personal_access_tokens`
  ADD PRIMARY KEY (`id`),
  ADD UNIQUE KEY `personal_access_tokens_token_unique` (`token`),
  ADD KEY `personal_access_tokens_tokenable_type_tokenable_id_index` (`tokenable_type`,`tokenable_id`);

--
-- Indexes for table `rooms`
--
ALTER TABLE `rooms`
  ADD PRIMARY KEY (`room_id`);

--
-- Indexes for table `seats`
--
ALTER TABLE `seats`
  ADD PRIMARY KEY (`seat_id`),
  ADD KEY `seats_ibfk_1` (`type_seat_id`);

--
-- Indexes for table `shows`
--
ALTER TABLE `shows`
  ADD PRIMARY KEY (`show_id`),
  ADD KEY `movie_id` (`movie_id`),
  ADD KEY `room_id` (`room_id`),
  ADD KEY `time_slot_id` (`time_slot_id`);

--
-- Indexes for table `tickets`
--
ALTER TABLE `tickets`
  ADD PRIMARY KEY (`ticket_id`),
  ADD KEY `order_id` (`booking_id`),
  ADD KEY `seat_id` (`seat_id`),
  ADD KEY `show_id` (`show_id`);

--
-- Indexes for table `time_slots`
--
ALTER TABLE `time_slots`
  ADD PRIMARY KEY (`time_slot_id`);

--
-- Indexes for table `type_seats`
--
ALTER TABLE `type_seats`
  ADD PRIMARY KEY (`type_seat_id`);

--
-- Indexes for table `users`
--
ALTER TABLE `users`
  ADD PRIMARY KEY (`user_id`);

--
-- AUTO_INCREMENT for dumped tables
--

--
-- AUTO_INCREMENT for table `actors`
--
ALTER TABLE `actors`
  MODIFY `actor_id` bigint(20) UNSIGNED NOT NULL AUTO_INCREMENT, AUTO_INCREMENT=10;

--
-- AUTO_INCREMENT for table `bookings`
--
ALTER TABLE `bookings`
  MODIFY `booking_id` bigint(20) UNSIGNED NOT NULL AUTO_INCREMENT, AUTO_INCREMENT=36;

--
-- AUTO_INCREMENT for table `categories`
--
ALTER TABLE `categories`
  MODIFY `category_id` bigint(20) UNSIGNED NOT NULL AUTO_INCREMENT, AUTO_INCREMENT=8;

--
-- AUTO_INCREMENT for table `failed_jobs`
--
ALTER TABLE `failed_jobs`
  MODIFY `id` bigint(20) UNSIGNED NOT NULL AUTO_INCREMENT;

--
-- AUTO_INCREMENT for table `languages`
--
ALTER TABLE `languages`
  MODIFY `language_id` bigint(20) UNSIGNED NOT NULL AUTO_INCREMENT, AUTO_INCREMENT=3;

--
-- AUTO_INCREMENT for table `migrations`
--
ALTER TABLE `migrations`
  MODIFY `id` int(10) UNSIGNED NOT NULL AUTO_INCREMENT, AUTO_INCREMENT=4;

--
-- AUTO_INCREMENT for table `movies`
--
ALTER TABLE `movies`
  MODIFY `movie_id` bigint(20) UNSIGNED NOT NULL AUTO_INCREMENT, AUTO_INCREMENT=12;

--
-- AUTO_INCREMENT for table `movie_actor`
--
ALTER TABLE `movie_actor`
  MODIFY `movie_actor_id` bigint(20) UNSIGNED NOT NULL AUTO_INCREMENT, AUTO_INCREMENT=22;

--
-- AUTO_INCREMENT for table `movie_category`
--
ALTER TABLE `movie_category`
  MODIFY `id` bigint(20) UNSIGNED NOT NULL AUTO_INCREMENT, AUTO_INCREMENT=12;

--
-- AUTO_INCREMENT for table `personal_access_tokens`
--
ALTER TABLE `personal_access_tokens`
  MODIFY `id` bigint(20) UNSIGNED NOT NULL AUTO_INCREMENT;

--
-- AUTO_INCREMENT for table `rooms`
--
ALTER TABLE `rooms`
  MODIFY `room_id` bigint(20) UNSIGNED NOT NULL AUTO_INCREMENT, AUTO_INCREMENT=4;

--
-- AUTO_INCREMENT for table `seats`
--
ALTER TABLE `seats`
  MODIFY `seat_id` bigint(20) UNSIGNED NOT NULL AUTO_INCREMENT, AUTO_INCREMENT=481;

--
-- AUTO_INCREMENT for table `shows`
--
ALTER TABLE `shows`
  MODIFY `show_id` bigint(20) UNSIGNED NOT NULL AUTO_INCREMENT, AUTO_INCREMENT=272;

--
-- AUTO_INCREMENT for table `tickets`
--
ALTER TABLE `tickets`
  MODIFY `ticket_id` bigint(20) UNSIGNED NOT NULL AUTO_INCREMENT, AUTO_INCREMENT=84;

--
-- AUTO_INCREMENT for table `time_slots`
--
ALTER TABLE `time_slots`
  MODIFY `time_slot_id` bigint(20) UNSIGNED NOT NULL AUTO_INCREMENT, AUTO_INCREMENT=7;

--
-- AUTO_INCREMENT for table `type_seats`
--
ALTER TABLE `type_seats`
  MODIFY `type_seat_id` bigint(20) UNSIGNED NOT NULL AUTO_INCREMENT, AUTO_INCREMENT=7;

--
-- AUTO_INCREMENT for table `users`
--
ALTER TABLE `users`
  MODIFY `user_id` bigint(20) UNSIGNED NOT NULL AUTO_INCREMENT, AUTO_INCREMENT=3;

--
-- Constraints for dumped tables
--

--
-- Constraints for table `bookings`
--
ALTER TABLE `bookings`
  ADD CONSTRAINT `bookings_ibfk_1` FOREIGN KEY (`user_id`) REFERENCES `users` (`user_id`);

--
-- Constraints for table `movies`
--
ALTER TABLE `movies`
  ADD CONSTRAINT `movies_ibfk_2` FOREIGN KEY (`language_id`) REFERENCES `languages` (`language_id`);

--
-- Constraints for table `movie_actor`
--
ALTER TABLE `movie_actor`
  ADD CONSTRAINT `movie_actor_ibfk_1` FOREIGN KEY (`movie_id`) REFERENCES `movies` (`movie_id`),
  ADD CONSTRAINT `movie_actor_ibfk_2` FOREIGN KEY (`actor_id`) REFERENCES `actors` (`actor_id`);

--
-- Constraints for table `seats`
--
ALTER TABLE `seats`
  ADD CONSTRAINT `seats_ibfk_1` FOREIGN KEY (`type_seat_id`) REFERENCES `type_seats` (`type_seat_id`);

--
-- Constraints for table `shows`
--
ALTER TABLE `shows`
  ADD CONSTRAINT `shows_ibfk_1` FOREIGN KEY (`movie_id`) REFERENCES `movies` (`movie_id`),
  ADD CONSTRAINT `shows_ibfk_2` FOREIGN KEY (`room_id`) REFERENCES `rooms` (`room_id`),
  ADD CONSTRAINT `shows_ibfk_3` FOREIGN KEY (`time_slot_id`) REFERENCES `time_slots` (`time_slot_id`);

--
-- Constraints for table `tickets`
--
ALTER TABLE `tickets`
  ADD CONSTRAINT `tickets_ibfk_1` FOREIGN KEY (`booking_id`) REFERENCES `bookings` (`booking_id`),
  ADD CONSTRAINT `tickets_ibfk_3` FOREIGN KEY (`show_id`) REFERENCES `shows` (`show_id`),
  ADD CONSTRAINT `tickets_ibfk_4` FOREIGN KEY (`seat_id`) REFERENCES `seats` (`seat_id`);
COMMIT;

/*!40101 SET CHARACTER_SET_CLIENT=@OLD_CHARACTER_SET_CLIENT */;
/*!40101 SET CHARACTER_SET_RESULTS=@OLD_CHARACTER_SET_RESULTS */;
/*!40101 SET COLLATION_CONNECTION=@OLD_COLLATION_CONNECTION */;
